-- ============================================
-- GENERATED ADDITIONAL DATA
-- Generated at: 2025-10-14T13:16:57.370Z
-- ============================================

-- ============================================
-- PERMISSIONS
-- ============================================
INSERT INTO permissions (id, name, description) VALUES (1, 'VIEW_PRODUCT', 'Xem sản phẩm');
INSERT INTO permissions (id, name, description) VALUES (2, 'CREATE_PRODUCT', 'Tạo sản phẩm mới');
INSERT INTO permissions (id, name, description) VALUES (3, 'UPDATE_PRODUCT', 'Cập nhật sản phẩm');
INSERT INTO permissions (id, name, description) VALUES (4, 'DELETE_PRODUCT', 'Xóa sản phẩm');
INSERT INTO permissions (id, name, description) VALUES (5, 'VIEW_ORDER', 'Xem đơn hàng');
INSERT INTO permissions (id, name, description) VALUES (6, 'UPDATE_ORDER', 'Cập nhật đơn hàng');
INSERT INTO permissions (id, name, description) VALUES (7, 'VIEW_USER', 'Xem người dùng');
INSERT INTO permissions (id, name, description) VALUES (8, 'CREATE_USER', 'Tạo người dùng');
INSERT INTO permissions (id, name, description) VALUES (9, 'UPDATE_USER', 'Cập nhật người dùng');
INSERT INTO permissions (id, name, description) VALUES (10, 'DELETE_USER', 'Xóa người dùng');
INSERT INTO permissions (id, name, description) VALUES (11, 'MANAGE_DISCOUNT', 'Quản lý khuyến mãi');
INSERT INTO permissions (id, name, description) VALUES (12, 'VIEW_STATISTICS', 'Xem thống kê');
INSERT INTO permissions (id, name, description) VALUES (13, 'CUSTOMER_SUPPORT', 'Hỗ trợ khách hàng');

-- ============================================
-- ROLES
-- ============================================
INSERT INTO roles (id, name, description) VALUES (1, 'ADMIN', 'Quản trị viên hệ thống');
INSERT INTO roles (id, name, description) VALUES (2, 'CUSTOMER_SERVICE', 'Nhân viên chăm sóc khách hàng');
INSERT INTO roles (id, name, description) VALUES (3, 'CUSTOMER', 'Khách hàng');

-- ============================================
-- ROLE_PERMISSIONS
-- ============================================
INSERT INTO role_permissions (role_id, permission_id) VALUES (1, 1);
INSERT INTO role_permissions (role_id, permission_id) VALUES (1, 2);
INSERT INTO role_permissions (role_id, permission_id) VALUES (1, 3);
INSERT INTO role_permissions (role_id, permission_id) VALUES (1, 4);
INSERT INTO role_permissions (role_id, permission_id) VALUES (1, 5);
INSERT INTO role_permissions (role_id, permission_id) VALUES (1, 6);
INSERT INTO role_permissions (role_id, permission_id) VALUES (1, 7);
INSERT INTO role_permissions (role_id, permission_id) VALUES (1, 8);
INSERT INTO role_permissions (role_id, permission_id) VALUES (1, 9);
INSERT INTO role_permissions (role_id, permission_id) VALUES (1, 10);
INSERT INTO role_permissions (role_id, permission_id) VALUES (1, 11);
INSERT INTO role_permissions (role_id, permission_id) VALUES (1, 12);
INSERT INTO role_permissions (role_id, permission_id) VALUES (1, 13);
INSERT INTO role_permissions (role_id, permission_id) VALUES (2, 1);
INSERT INTO role_permissions (role_id, permission_id) VALUES (2, 5);
INSERT INTO role_permissions (role_id, permission_id) VALUES (2, 13);
INSERT INTO role_permissions (role_id, permission_id) VALUES (3, 1);

-- ============================================
-- USERS
-- ============================================
INSERT INTO users (id, full_name, password, email, gender, address, phone_number, dob, status, cumulative_points, role_id) VALUES (1, 'Nguyễn Văn Admin', '$2a$10$abcdefghijklmnopqrstuv', 'admin@shoponline.com', 'MALE', '123 Võ Văn Ngân, Thủ Đức, TP.HCM', '0901234567', '1990-01-15', 'ACTIVE', 0, 1);
INSERT INTO users (id, full_name, password, email, gender, address, phone_number, dob, status, cumulative_points, role_id) VALUES (2, 'Lê Văn CSKH', '$2a$10$abcdefghijklmnopqrstuv', 'support1@shoponline.com', 'MALE', '789 Xa lộ Hà Nội, Quận 2, TP.HCM', '0903456789', '1993-07-10', 'ACTIVE', 0, 2);
INSERT INTO users (id, full_name, password, email, gender, address, phone_number, dob, status, cumulative_points, role_id) VALUES (3, 'Đặng Thị Mai', '$2a$10$abcdefghijklmnopqrstuv', 'support2@shoponline.com', 'FEMALE', '456 Hoàng Diệu, Quận 4, TP.HCM', '0903456790', '1994-11-25', 'ACTIVE', 0, 2);
INSERT INTO users (id, full_name, password, email, gender, address, phone_number, dob, status, cumulative_points, role_id) VALUES (4, 'Bùi Quốc Hùng', '$2a$10$abcdefghijklmnopqrstuv', 'support3@shoponline.com', 'MALE', '123 Nguyễn Trãi, Quận 5, TP.HCM', '0903456791', '1995-02-14', 'ACTIVE', 0, 2);
INSERT INTO users (id, full_name, password, email, gender, address, phone_number, dob, status, cumulative_points, role_id) VALUES (5, 'Vũ Hải Quân', '$2a$10$abcdefghijklmnopqrstuv', 'customer1@gmail.com', 'FEMALE', '623 Xa lộ Hà Nội, Quận 2, TP.HCM', '0941418473', '1998-12-19', 'ACTIVE', 4879, 3);
INSERT INTO users (id, full_name, password, email, gender, address, phone_number, dob, status, cumulative_points, role_id) VALUES (6, 'Lý Thu Thắng', '$2a$10$abcdefghijklmnopqrstuv', 'customer2@gmail.com', 'MALE', '831 Lê Văn Việt, Thủ Đức, TP.HCM', '0917316060', '2000-06-16', 'ACTIVE', 1834, 3);
INSERT INTO users (id, full_name, password, email, gender, address, phone_number, dob, status, cumulative_points, role_id) VALUES (7, 'Phạm Thị Vinh', '$2a$10$abcdefghijklmnopqrstuv', 'customer3@gmail.com', 'MALE', '249 Lý Thái Tổ, Quận 10, TP.HCM', '0991753492', '2001-05-01', 'ACTIVE', 170, 3);
INSERT INTO users (id, full_name, password, email, gender, address, phone_number, dob, status, cumulative_points, role_id) VALUES (8, 'Nguyễn Văn Toàn', '$2a$10$abcdefghijklmnopqrstuv', 'customer4@gmail.com', 'FEMALE', '484 Nguyễn Văn Cừ, Quận 5, TP.HCM', '0975386729', '1990-12-15', 'ACTIVE', 4354, 3);
INSERT INTO users (id, full_name, password, email, gender, address, phone_number, dob, status, cumulative_points, role_id) VALUES (9, 'Võ Thu Toàn', '$2a$10$abcdefghijklmnopqrstuv', 'customer5@gmail.com', 'FEMALE', '991 Lý Chính Thắng, Quận 3, TP.HCM', '0998744176', '1998-12-25', 'ACTIVE', 1154, 3);
INSERT INTO users (id, full_name, password, email, gender, address, phone_number, dob, status, cumulative_points, role_id) VALUES (10, 'Võ Thu Sơn', '$2a$10$abcdefghijklmnopqrstuv', 'customer6@gmail.com', 'FEMALE', '175 Hai Bà Trưng, Quận 3, TP.HCM', '0972736572', '1993-06-14', 'ACTIVE', 4352, 3);
INSERT INTO users (id, full_name, password, email, gender, address, phone_number, dob, status, cumulative_points, role_id) VALUES (11, 'Phạm Quốc Phong', '$2a$10$abcdefghijklmnopqrstuv', 'customer7@gmail.com', 'FEMALE', '32 Xa lộ Hà Nội, Quận 2, TP.HCM', '0995671508', '1999-06-07', 'ACTIVE', 4276, 3);
INSERT INTO users (id, full_name, password, email, gender, address, phone_number, dob, status, cumulative_points, role_id) VALUES (12, 'Lê Anh Thảo', '$2a$10$abcdefghijklmnopqrstuv', 'customer8@gmail.com', 'MALE', '435 Xa lộ Hà Nội, Quận 2, TP.HCM', '0980173930', '1991-01-04', 'ACTIVE', 3662, 3);
INSERT INTO users (id, full_name, password, email, gender, address, phone_number, dob, status, cumulative_points, role_id) VALUES (13, 'Nguyễn Minh Thảo', '$2a$10$abcdefghijklmnopqrstuv', 'customer9@gmail.com', 'MALE', '718 Hai Bà Trưng, Quận 3, TP.HCM', '0908141146', '2004-01-14', 'ACTIVE', 597, 3);
INSERT INTO users (id, full_name, password, email, gender, address, phone_number, dob, status, cumulative_points, role_id) VALUES (14, 'Lý Thu Nam', '$2a$10$abcdefghijklmnopqrstuv', 'customer10@gmail.com', 'MALE', '572 Nguyễn Văn Cừ, Quận 5, TP.HCM', '0990130737', '2002-06-06', 'ACTIVE', 119, 3);
INSERT INTO users (id, full_name, password, email, gender, address, phone_number, dob, status, cumulative_points, role_id) VALUES (15, 'Đỗ Quốc Hoa', '$2a$10$abcdefghijklmnopqrstuv', 'customer11@gmail.com', 'FEMALE', '967 Lý Thái Tổ, Quận 10, TP.HCM', '0934391388', '1995-09-03', 'ACTIVE', 3116, 3);
INSERT INTO users (id, full_name, password, email, gender, address, phone_number, dob, status, cumulative_points, role_id) VALUES (16, 'Hoàng Thu Cường', '$2a$10$abcdefghijklmnopqrstuv', 'customer12@gmail.com', 'MALE', '648 Lý Chính Thắng, Quận 3, TP.HCM', '0997626523', '1991-02-01', 'ACTIVE', 1409, 3);
INSERT INTO users (id, full_name, password, email, gender, address, phone_number, dob, status, cumulative_points, role_id) VALUES (17, 'Đặng Thanh Vinh', '$2a$10$abcdefghijklmnopqrstuv', 'customer13@gmail.com', 'MALE', '691 Trần Hưng Đạo, Quận 5, TP.HCM', '0971887739', '2004-09-18', 'ACTIVE', 562, 3);
INSERT INTO users (id, full_name, password, email, gender, address, phone_number, dob, status, cumulative_points, role_id) VALUES (18, 'Hồ Đức Linh', '$2a$10$abcdefghijklmnopqrstuv', 'customer14@gmail.com', 'MALE', '369 Điện Biên Phủ, Bình Thạnh, TP.HCM', '0958539232', '1995-05-02', 'ACTIVE', 2507, 3);
INSERT INTO users (id, full_name, password, email, gender, address, phone_number, dob, status, cumulative_points, role_id) VALUES (19, 'Bùi Văn Dũng', '$2a$10$abcdefghijklmnopqrstuv', 'customer15@gmail.com', 'MALE', '826 Nguyễn Trãi, Quận 5, TP.HCM', '0937206898', '2004-12-12', 'ACTIVE', 2918, 3);
INSERT INTO users (id, full_name, password, email, gender, address, phone_number, dob, status, cumulative_points, role_id) VALUES (20, 'Phan Hải Sơn', '$2a$10$abcdefghijklmnopqrstuv', 'customer16@gmail.com', 'FEMALE', '57 Bạch Đằng, Bình Thạnh, TP.HCM', '0989807227', '1996-10-23', 'INACTIVE', 3960, 3);
INSERT INTO users (id, full_name, password, email, gender, address, phone_number, dob, status, cumulative_points, role_id) VALUES (21, 'Vũ Văn Phương', '$2a$10$abcdefghijklmnopqrstuv', 'customer17@gmail.com', 'MALE', '837 Võ Văn Ngân, Thủ Đức, TP.HCM', '0962572329', '2003-01-03', 'ACTIVE', 2217, 3);
INSERT INTO users (id, full_name, password, email, gender, address, phone_number, dob, status, cumulative_points, role_id) VALUES (22, 'Hoàng Hồng Quân', '$2a$10$abcdefghijklmnopqrstuv', 'customer18@gmail.com', 'FEMALE', '583 Võ Văn Ngân, Thủ Đức, TP.HCM', '0971391199', '1998-12-27', 'ACTIVE', 276, 3);
INSERT INTO users (id, full_name, password, email, gender, address, phone_number, dob, status, cumulative_points, role_id) VALUES (23, 'Bùi Quốc Khoa', '$2a$10$abcdefghijklmnopqrstuv', 'customer19@gmail.com', 'MALE', '652 Võ Văn Ngân, Thủ Đức, TP.HCM', '0910005986', '1997-10-09', 'ACTIVE', 1403, 3);
INSERT INTO users (id, full_name, password, email, gender, address, phone_number, dob, status, cumulative_points, role_id) VALUES (24, 'Vũ Hải Phong', '$2a$10$abcdefghijklmnopqrstuv', 'customer20@gmail.com', 'MALE', '492 Trần Hưng Đạo, Quận 5, TP.HCM', '0914994218', '1991-02-11', 'ACTIVE', 1788, 3);
INSERT INTO users (id, full_name, password, email, gender, address, phone_number, dob, status, cumulative_points, role_id) VALUES (25, 'Bùi Thu Khoa', '$2a$10$abcdefghijklmnopqrstuv', 'customer21@gmail.com', 'FEMALE', '362 Lê Lợi, Quận 1, TP.HCM', '0974445593', '1990-02-04', 'ACTIVE', 4692, 3);
INSERT INTO users (id, full_name, password, email, gender, address, phone_number, dob, status, cumulative_points, role_id) VALUES (26, 'Bùi Văn Lan', '$2a$10$abcdefghijklmnopqrstuv', 'customer22@gmail.com', 'FEMALE', '610 Hoàng Diệu, Quận 4, TP.HCM', '0919682209', '1998-10-22', 'ACTIVE', 189, 3);
INSERT INTO users (id, full_name, password, email, gender, address, phone_number, dob, status, cumulative_points, role_id) VALUES (27, 'Đặng Hải An', '$2a$10$abcdefghijklmnopqrstuv', 'customer23@gmail.com', 'MALE', '195 Hoàng Diệu, Quận 4, TP.HCM', '0920999891', '1998-11-17', 'ACTIVE', 3629, 3);
INSERT INTO users (id, full_name, password, email, gender, address, phone_number, dob, status, cumulative_points, role_id) VALUES (28, 'Hoàng Thị Phong', '$2a$10$abcdefghijklmnopqrstuv', 'customer24@gmail.com', 'MALE', '364 Phạm Ngũ Lão, Quận 1, TP.HCM', '0974229251', '2004-02-02', 'ACTIVE', 3178, 3);
INSERT INTO users (id, full_name, password, email, gender, address, phone_number, dob, status, cumulative_points, role_id) VALUES (29, 'Bùi Thanh Thắng', '$2a$10$abcdefghijklmnopqrstuv', 'customer25@gmail.com', 'FEMALE', '833 Pasteur, Quận 1, TP.HCM', '0961960930', '2002-02-22', 'ACTIVE', 4668, 3);
INSERT INTO users (id, full_name, password, email, gender, address, phone_number, dob, status, cumulative_points, role_id) VALUES (30, 'Dương Thu Bình', '$2a$10$abcdefghijklmnopqrstuv', 'customer26@gmail.com', 'FEMALE', '821 Điện Biên Phủ, Bình Thạnh, TP.HCM', '0959647541', '1991-03-07', 'INACTIVE', 4428, 3);
INSERT INTO users (id, full_name, password, email, gender, address, phone_number, dob, status, cumulative_points, role_id) VALUES (31, 'Võ Đức Trang', '$2a$10$abcdefghijklmnopqrstuv', 'customer27@gmail.com', 'FEMALE', '829 Trần Hưng Đạo, Quận 5, TP.HCM', '0921115021', '1991-11-15', 'ACTIVE', 4158, 3);
INSERT INTO users (id, full_name, password, email, gender, address, phone_number, dob, status, cumulative_points, role_id) VALUES (32, 'Võ Đức Nga', '$2a$10$abcdefghijklmnopqrstuv', 'customer28@gmail.com', 'MALE', '341 Cộng Hòa, Tân Bình, TP.HCM', '0983282343', '2003-10-23', 'ACTIVE', 1611, 3);
INSERT INTO users (id, full_name, password, email, gender, address, phone_number, dob, status, cumulative_points, role_id) VALUES (33, 'Phan Quốc Hương', '$2a$10$abcdefghijklmnopqrstuv', 'customer29@gmail.com', 'FEMALE', '584 Lý Thái Tổ, Quận 10, TP.HCM', '0973205791', '2004-06-23', 'ACTIVE', 1770, 3);
INSERT INTO users (id, full_name, password, email, gender, address, phone_number, dob, status, cumulative_points, role_id) VALUES (34, 'Võ Thu Sơn', '$2a$10$abcdefghijklmnopqrstuv', 'customer30@gmail.com', 'MALE', '609 Lý Thái Tổ, Quận 10, TP.HCM', '0974970495', '1992-01-23', 'ACTIVE', 2540, 3);
INSERT INTO users (id, full_name, password, email, gender, address, phone_number, dob, status, cumulative_points, role_id) VALUES (35, 'Bùi Đức Trang', '$2a$10$abcdefghijklmnopqrstuv', 'customer31@gmail.com', 'MALE', '914 Pasteur, Quận 1, TP.HCM', '0964220536', '1995-07-11', 'ACTIVE', 2966, 3);
INSERT INTO users (id, full_name, password, email, gender, address, phone_number, dob, status, cumulative_points, role_id) VALUES (36, 'Hoàng Quốc Dũng', '$2a$10$abcdefghijklmnopqrstuv', 'customer32@gmail.com', 'FEMALE', '192 Cách Mạng Tháng 8, Quận 3, TP.HCM', '0992492087', '1991-08-13', 'ACTIVE', 1615, 3);
INSERT INTO users (id, full_name, password, email, gender, address, phone_number, dob, status, cumulative_points, role_id) VALUES (37, 'Lý Quốc An', '$2a$10$abcdefghijklmnopqrstuv', 'customer33@gmail.com', 'FEMALE', '460 Hoàng Văn Thụ, Tân Bình, TP.HCM', '0987714379', '2001-06-28', 'ACTIVE', 3793, 3);
INSERT INTO users (id, full_name, password, email, gender, address, phone_number, dob, status, cumulative_points, role_id) VALUES (38, 'Trần Thanh Nam', '$2a$10$abcdefghijklmnopqrstuv', 'customer34@gmail.com', 'MALE', '917 Lê Lợi, Quận 1, TP.HCM', '0948244570', '1995-01-14', 'ACTIVE', 1295, 3);
INSERT INTO users (id, full_name, password, email, gender, address, phone_number, dob, status, cumulative_points, role_id) VALUES (39, 'Đặng Minh Khoa', '$2a$10$abcdefghijklmnopqrstuv', 'customer35@gmail.com', 'FEMALE', '462 Lê Văn Việt, Thủ Đức, TP.HCM', '0918077889', '1996-02-03', 'ACTIVE', 980, 3);
INSERT INTO users (id, full_name, password, email, gender, address, phone_number, dob, status, cumulative_points, role_id) VALUES (40, 'Nguyễn Thu Tú', '$2a$10$abcdefghijklmnopqrstuv', 'customer36@gmail.com', 'MALE', '387 Bạch Đằng, Bình Thạnh, TP.HCM', '0901283437', '1995-12-26', 'ACTIVE', 2179, 3);
INSERT INTO users (id, full_name, password, email, gender, address, phone_number, dob, status, cumulative_points, role_id) VALUES (41, 'Vũ Hải Vy', '$2a$10$abcdefghijklmnopqrstuv', 'customer37@gmail.com', 'MALE', '12 Bạch Đằng, Bình Thạnh, TP.HCM', '0906831329', '1992-04-14', 'ACTIVE', 698, 3);
INSERT INTO users (id, full_name, password, email, gender, address, phone_number, dob, status, cumulative_points, role_id) VALUES (42, 'Dương Thanh Vy', '$2a$10$abcdefghijklmnopqrstuv', 'customer38@gmail.com', 'FEMALE', '563 Bạch Đằng, Bình Thạnh, TP.HCM', '0916825679', '1996-08-26', 'ACTIVE', 2027, 3);
INSERT INTO users (id, full_name, password, email, gender, address, phone_number, dob, status, cumulative_points, role_id) VALUES (43, 'Phan Đức Thảo', '$2a$10$abcdefghijklmnopqrstuv', 'customer39@gmail.com', 'FEMALE', '171 Cộng Hòa, Tân Bình, TP.HCM', '0968214151', '2003-05-09', 'ACTIVE', 1868, 3);
INSERT INTO users (id, full_name, password, email, gender, address, phone_number, dob, status, cumulative_points, role_id) VALUES (44, 'Vũ Thu Thắng', '$2a$10$abcdefghijklmnopqrstuv', 'customer40@gmail.com', 'MALE', '966 Trần Quốc Toản, Quận 3, TP.HCM', '0911071917', '1995-04-06', 'INACTIVE', 2084, 3);
INSERT INTO users (id, full_name, password, email, gender, address, phone_number, dob, status, cumulative_points, role_id) VALUES (45, 'Võ Thu Tú', '$2a$10$abcdefghijklmnopqrstuv', 'customer41@gmail.com', 'MALE', '68 Điện Biên Phủ, Bình Thạnh, TP.HCM', '0912816857', '1992-07-22', 'INACTIVE', 3924, 3);
INSERT INTO users (id, full_name, password, email, gender, address, phone_number, dob, status, cumulative_points, role_id) VALUES (46, 'Ngô Thu Mai', '$2a$10$abcdefghijklmnopqrstuv', 'customer42@gmail.com', 'FEMALE', '605 Lý Thái Tổ, Quận 10, TP.HCM', '0962992731', '1995-03-13', 'ACTIVE', 2471, 3);
INSERT INTO users (id, full_name, password, email, gender, address, phone_number, dob, status, cumulative_points, role_id) VALUES (47, 'Vũ Hải Khoa', '$2a$10$abcdefghijklmnopqrstuv', 'customer43@gmail.com', 'FEMALE', '321 Cách Mạng Tháng 8, Quận 3, TP.HCM', '0924636716', '2000-05-26', 'ACTIVE', 802, 3);
INSERT INTO users (id, full_name, password, email, gender, address, phone_number, dob, status, cumulative_points, role_id) VALUES (48, 'Hồ Hải Nam', '$2a$10$abcdefghijklmnopqrstuv', 'customer44@gmail.com', 'MALE', '612 Cộng Hòa, Tân Bình, TP.HCM', '0985583304', '2003-05-21', 'ACTIVE', 1696, 3);
INSERT INTO users (id, full_name, password, email, gender, address, phone_number, dob, status, cumulative_points, role_id) VALUES (49, 'Trần Thanh Linh', '$2a$10$abcdefghijklmnopqrstuv', 'customer45@gmail.com', 'MALE', '950 Pasteur, Quận 1, TP.HCM', '0993255677', '1992-09-11', 'ACTIVE', 776, 3);
INSERT INTO users (id, full_name, password, email, gender, address, phone_number, dob, status, cumulative_points, role_id) VALUES (50, 'Đặng Đức Bình', '$2a$10$abcdefghijklmnopqrstuv', 'customer46@gmail.com', 'MALE', '838 Lý Chính Thắng, Quận 3, TP.HCM', '0944290232', '1990-01-19', 'INACTIVE', 1032, 3);
INSERT INTO users (id, full_name, password, email, gender, address, phone_number, dob, status, cumulative_points, role_id) VALUES (51, 'Phạm Hồng Thảo', '$2a$10$abcdefghijklmnopqrstuv', 'customer47@gmail.com', 'MALE', '640 Phạm Ngũ Lão, Quận 1, TP.HCM', '0965673798', '1998-07-16', 'ACTIVE', 2994, 3);
INSERT INTO users (id, full_name, password, email, gender, address, phone_number, dob, status, cumulative_points, role_id) VALUES (52, 'Phạm Đức Dũng', '$2a$10$abcdefghijklmnopqrstuv', 'customer48@gmail.com', 'FEMALE', '129 Cách Mạng Tháng 8, Quận 3, TP.HCM', '0941640241', '1991-04-25', 'ACTIVE', 550, 3);
INSERT INTO users (id, full_name, password, email, gender, address, phone_number, dob, status, cumulative_points, role_id) VALUES (53, 'Lê Hải Cường', '$2a$10$abcdefghijklmnopqrstuv', 'customer49@gmail.com', 'FEMALE', '512 Nguyễn Thị Minh Khai, Quận 1, TP.HCM', '0912724783', '2002-11-18', 'ACTIVE', 2243, 3);
INSERT INTO users (id, full_name, password, email, gender, address, phone_number, dob, status, cumulative_points, role_id) VALUES (54, 'Dương Đức Mai', '$2a$10$abcdefghijklmnopqrstuv', 'customer50@gmail.com', 'FEMALE', '334 Cách Mạng Tháng 8, Quận 3, TP.HCM', '0916885862', '2001-04-20', 'ACTIVE', 4462, 3);

-- ============================================
-- DISCOUNTS
-- ============================================
INSERT INTO discounts (id, name, type, description, discount_rate, discount_status, start_date, end_date, product_id) VALUES (1, 'Cyber Monday 30%', 'FIXED_AMOUNT', 'Khuyến mãi giảm 30% cho sản phẩm', 0.3, true, '2025-09-01', '2025-09-28', 4);
INSERT INTO discounts (id, name, type, description, discount_rate, discount_status, start_date, end_date, product_id) VALUES (2, 'Black Friday 5%', 'PERCENTAGE', 'Khuyến mãi giảm 5% cho sản phẩm', 0.05, true, '2025-09-01', '2025-09-28', 8);
INSERT INTO discounts (id, name, type, description, discount_rate, discount_status, start_date, end_date, product_id) VALUES (3, 'Mua 1 tặng 1 25%', 'FIXED_AMOUNT', 'Khuyến mãi giảm 25% cho sản phẩm', 0.25, true, '2025-10-01', '2025-10-28', 12);
INSERT INTO discounts (id, name, type, description, discount_rate, discount_status, start_date, end_date, product_id) VALUES (4, 'Sale tháng 2 10%', 'PERCENTAGE', 'Khuyến mãi giảm 10% cho sản phẩm', 0.1, true, '2025-08-01', '2025-08-28', 16);
INSERT INTO discounts (id, name, type, description, discount_rate, discount_status, start_date, end_date, product_id) VALUES (5, 'Mua 1 tặng 1 40%', 'FIXED_AMOUNT', 'Khuyến mãi giảm 40% cho sản phẩm', 0.4, true, '2025-11-01', '2025-11-28', 20);
INSERT INTO discounts (id, name, type, description, discount_rate, discount_status, start_date, end_date, product_id) VALUES (6, 'Giảm giá mùa hè 20%', 'PERCENTAGE', 'Khuyến mãi giảm 20% cho sản phẩm', 0.2, true, '2025-07-01', '2025-07-28', 24);
INSERT INTO discounts (id, name, type, description, discount_rate, discount_status, start_date, end_date, product_id) VALUES (7, 'Khuyến mãi sinh nhật 30%', 'FIXED_AMOUNT', 'Khuyến mãi giảm 30% cho sản phẩm', 0.3, true, '2025-11-01', '2025-11-28', 28);
INSERT INTO discounts (id, name, type, description, discount_rate, discount_status, start_date, end_date, product_id) VALUES (8, 'Sale tháng 2 15%', 'PERCENTAGE', 'Khuyến mãi giảm 15% cho sản phẩm', 0.15, true, '2025-08-01', '2025-08-28', 32);
INSERT INTO discounts (id, name, type, description, discount_rate, discount_status, start_date, end_date, product_id) VALUES (9, 'Giảm giá đặc biệt 10%', 'FIXED_AMOUNT', 'Khuyến mãi giảm 10% cho sản phẩm', 0.1, false, '2025-02-01', '2025-02-28', 36);
INSERT INTO discounts (id, name, type, description, discount_rate, discount_status, start_date, end_date, product_id) VALUES (10, 'Black Friday 10%', 'PERCENTAGE', 'Khuyến mãi giảm 10% cho sản phẩm', 0.1, true, '2025-02-01', '2025-02-28', 30);
INSERT INTO discounts (id, name, type, description, discount_rate, discount_status, start_date, end_date, product_id) VALUES (11, 'Giảm giá đặc biệt 25%', 'FIXED_AMOUNT', 'Khuyến mãi giảm 25% cho sản phẩm', 0.25, true, '2025-05-01', '2025-05-28', 34);
INSERT INTO discounts (id, name, type, description, discount_rate, discount_status, start_date, end_date, product_id) VALUES (12, 'Giảm giá mùa hè 30%', 'PERCENTAGE', 'Khuyến mãi giảm 30% cho sản phẩm', 0.3, true, '2025-12-01', '2025-12-28', 38);
INSERT INTO discounts (id, name, type, description, discount_rate, discount_status, start_date, end_date, product_id) VALUES (13, 'Giảm giá mùa hè 10%', 'FIXED_AMOUNT', 'Khuyến mãi giảm 10% cho sản phẩm', 0.1, false, '2025-08-01', '2025-08-28', 42);
INSERT INTO discounts (id, name, type, description, discount_rate, discount_status, start_date, end_date, product_id) VALUES (14, 'Giảm giá mùa hè 20%', 'PERCENTAGE', 'Khuyến mãi giảm 20% cho sản phẩm', 0.2, true, '2025-01-01', '2025-01-28', 46);
INSERT INTO discounts (id, name, type, description, discount_rate, discount_status, start_date, end_date, product_id) VALUES (15, 'Ưu đãi thành viên 35%', 'FIXED_AMOUNT', 'Khuyến mãi giảm 35% cho sản phẩm', 0.35, true, '2025-05-01', '2025-05-28', 50);
INSERT INTO discounts (id, name, type, description, discount_rate, discount_status, start_date, end_date, product_id) VALUES (16, 'Flash Sale 5%', 'PERCENTAGE', 'Khuyến mãi giảm 5% cho sản phẩm', 0.05, true, '2025-01-01', '2025-01-28', 54);
INSERT INTO discounts (id, name, type, description, discount_rate, discount_status, start_date, end_date, product_id) VALUES (17, 'Black Friday 40%', 'FIXED_AMOUNT', 'Khuyến mãi giảm 40% cho sản phẩm', 0.4, true, '2025-07-01', '2025-07-28', 58);
INSERT INTO discounts (id, name, type, description, discount_rate, discount_status, start_date, end_date, product_id) VALUES (18, 'Hot deal 10%', 'PERCENTAGE', 'Khuyến mãi giảm 10% cho sản phẩm', 0.1, true, '2025-06-01', '2025-06-28', 62);
INSERT INTO discounts (id, name, type, description, discount_rate, discount_status, start_date, end_date, product_id) VALUES (19, 'Black Friday 20%', 'FIXED_AMOUNT', 'Khuyến mãi giảm 20% cho sản phẩm', 0.2, true, '2025-01-01', '2025-01-28', 66);
INSERT INTO discounts (id, name, type, description, discount_rate, discount_status, start_date, end_date, product_id) VALUES (20, 'Giảm giá sốc 20%', 'PERCENTAGE', 'Khuyến mãi giảm 20% cho sản phẩm', 0.2, true, '2025-07-01', '2025-07-28', 60);
INSERT INTO discounts (id, name, type, description, discount_rate, discount_status, start_date, end_date, product_id) VALUES (21, 'Ưu đãi thành viên 40%', 'FIXED_AMOUNT', 'Khuyến mãi giảm 40% cho sản phẩm', 0.4, true, '2025-05-01', '2025-05-28', 64);
INSERT INTO discounts (id, name, type, description, discount_rate, discount_status, start_date, end_date, product_id) VALUES (22, 'Giảm giá đặc biệt 5%', 'PERCENTAGE', 'Khuyến mãi giảm 5% cho sản phẩm', 0.05, true, '2025-08-01', '2025-08-28', 68);
INSERT INTO discounts (id, name, type, description, discount_rate, discount_status, start_date, end_date, product_id) VALUES (23, 'Mua 1 tặng 1 25%', 'FIXED_AMOUNT', 'Khuyến mãi giảm 25% cho sản phẩm', 0.25, true, '2025-09-01', '2025-09-28', 72);
INSERT INTO discounts (id, name, type, description, discount_rate, discount_status, start_date, end_date, product_id) VALUES (24, 'Khuyến mãi sinh nhật 20%', 'PERCENTAGE', 'Khuyến mãi giảm 20% cho sản phẩm', 0.2, true, '2025-01-01', '2025-01-28', 76);
INSERT INTO discounts (id, name, type, description, discount_rate, discount_status, start_date, end_date, product_id) VALUES (25, 'Giảm giá sốc 30%', 'FIXED_AMOUNT', 'Khuyến mãi giảm 30% cho sản phẩm', 0.3, false, '2025-05-01', '2025-05-28', 80);
INSERT INTO discounts (id, name, type, description, discount_rate, discount_status, start_date, end_date, product_id) VALUES (26, 'Hot deal 5%', 'PERCENTAGE', 'Khuyến mãi giảm 5% cho sản phẩm', 0.05, true, '2025-12-01', '2025-12-28', 84);
INSERT INTO discounts (id, name, type, description, discount_rate, discount_status, start_date, end_date, product_id) VALUES (27, 'Khuyến mãi sinh nhật 35%', 'FIXED_AMOUNT', 'Khuyến mãi giảm 35% cho sản phẩm', 0.35, true, '2025-10-01', '2025-10-28', 88);
INSERT INTO discounts (id, name, type, description, discount_rate, discount_status, start_date, end_date, product_id) VALUES (28, 'Sale tháng 2 15%', 'PERCENTAGE', 'Khuyến mãi giảm 15% cho sản phẩm', 0.15, false, '2025-12-01', '2025-12-28', 92);
INSERT INTO discounts (id, name, type, description, discount_rate, discount_status, start_date, end_date, product_id) VALUES (29, 'Giảm giá mùa hè 25%', 'FIXED_AMOUNT', 'Khuyến mãi giảm 25% cho sản phẩm', 0.25, true, '2025-07-01', '2025-07-28', 96);
INSERT INTO discounts (id, name, type, description, discount_rate, discount_status, start_date, end_date, product_id) VALUES (30, 'Black Friday 20%', 'PERCENTAGE', 'Khuyến mãi giảm 20% cho sản phẩm', 0.2, true, '2025-09-01', '2025-09-28', 90);
INSERT INTO discounts (id, name, type, description, discount_rate, discount_status, start_date, end_date, product_id) VALUES (31, 'Siêu khuyến mãi 35%', 'FIXED_AMOUNT', 'Khuyến mãi giảm 35% cho sản phẩm', 0.35, true, '2025-04-01', '2025-04-28', 94);
INSERT INTO discounts (id, name, type, description, discount_rate, discount_status, start_date, end_date, product_id) VALUES (32, 'Cyber Monday 5%', 'PERCENTAGE', 'Khuyến mãi giảm 5% cho sản phẩm', 0.05, true, '2025-05-01', '2025-05-28', 98);
INSERT INTO discounts (id, name, type, description, discount_rate, discount_status, start_date, end_date, product_id) VALUES (33, 'Hot deal 15%', 'FIXED_AMOUNT', 'Khuyến mãi giảm 15% cho sản phẩm', 0.15, false, '2025-08-01', '2025-08-28', 102);
INSERT INTO discounts (id, name, type, description, discount_rate, discount_status, start_date, end_date, product_id) VALUES (34, 'Khuyến mãi cuối tuần 25%', 'PERCENTAGE', 'Khuyến mãi giảm 25% cho sản phẩm', 0.25, false, '2025-09-01', '2025-09-28', 106);
INSERT INTO discounts (id, name, type, description, discount_rate, discount_status, start_date, end_date, product_id) VALUES (35, 'Black Friday 10%', 'FIXED_AMOUNT', 'Khuyến mãi giảm 10% cho sản phẩm', 0.1, true, '2025-08-01', '2025-08-28', 110);
INSERT INTO discounts (id, name, type, description, discount_rate, discount_status, start_date, end_date, product_id) VALUES (36, 'Ưu đãi thành viên 10%', 'PERCENTAGE', 'Khuyến mãi giảm 10% cho sản phẩm', 0.1, true, '2025-02-01', '2025-02-28', 114);
INSERT INTO discounts (id, name, type, description, discount_rate, discount_status, start_date, end_date, product_id) VALUES (37, 'Khuyến mãi cuối tuần 30%', 'FIXED_AMOUNT', 'Khuyến mãi giảm 30% cho sản phẩm', 0.3, true, '2025-10-01', '2025-10-28', 118);
INSERT INTO discounts (id, name, type, description, discount_rate, discount_status, start_date, end_date, product_id) VALUES (38, 'Siêu khuyến mãi 20%', 'PERCENTAGE', 'Khuyến mãi giảm 20% cho sản phẩm', 0.2, true, '2025-09-01', '2025-09-28', 122);
INSERT INTO discounts (id, name, type, description, discount_rate, discount_status, start_date, end_date, product_id) VALUES (39, 'Siêu khuyến mãi 35%', 'FIXED_AMOUNT', 'Khuyến mãi giảm 35% cho sản phẩm', 0.35, true, '2025-01-01', '2025-01-28', 126);
INSERT INTO discounts (id, name, type, description, discount_rate, discount_status, start_date, end_date, product_id) VALUES (40, 'Giảm giá mùa hè 20%', 'PERCENTAGE', 'Khuyến mãi giảm 20% cho sản phẩm', 0.2, true, '2025-03-01', '2025-03-28', 120);
INSERT INTO discounts (id, name, type, description, discount_rate, discount_status, start_date, end_date, product_id) VALUES (41, 'Sale tháng 2 25%', 'FIXED_AMOUNT', 'Khuyến mãi giảm 25% cho sản phẩm', 0.25, false, '2025-09-01', '2025-09-28', 124);
INSERT INTO discounts (id, name, type, description, discount_rate, discount_status, start_date, end_date, product_id) VALUES (42, 'Khuyến mãi sinh nhật 5%', 'PERCENTAGE', 'Khuyến mãi giảm 5% cho sản phẩm', 0.05, true, '2025-10-01', '2025-10-28', 128);
INSERT INTO discounts (id, name, type, description, discount_rate, discount_status, start_date, end_date, product_id) VALUES (43, 'Flash Sale 10%', 'FIXED_AMOUNT', 'Khuyến mãi giảm 10% cho sản phẩm', 0.1, true, '2025-09-01', '2025-09-28', 132);
INSERT INTO discounts (id, name, type, description, discount_rate, discount_status, start_date, end_date, product_id) VALUES (44, 'Ưu đãi thành viên 40%', 'PERCENTAGE', 'Khuyến mãi giảm 40% cho sản phẩm', 0.4, true, '2025-05-01', '2025-05-28', 136);
INSERT INTO discounts (id, name, type, description, discount_rate, discount_status, start_date, end_date, product_id) VALUES (45, 'Khuyến mãi cuối tuần 25%', 'FIXED_AMOUNT', 'Khuyến mãi giảm 25% cho sản phẩm', 0.25, true, '2025-05-01', '2025-05-28', 140);
INSERT INTO discounts (id, name, type, description, discount_rate, discount_status, start_date, end_date, product_id) VALUES (46, 'Hot deal 15%', 'PERCENTAGE', 'Khuyến mãi giảm 15% cho sản phẩm', 0.15, true, '2025-01-01', '2025-01-28', 144);
INSERT INTO discounts (id, name, type, description, discount_rate, discount_status, start_date, end_date, product_id) VALUES (47, 'Flash Sale 20%', 'FIXED_AMOUNT', 'Khuyến mãi giảm 20% cho sản phẩm', 0.2, true, '2025-04-01', '2025-04-28', 148);
INSERT INTO discounts (id, name, type, description, discount_rate, discount_status, start_date, end_date, product_id) VALUES (48, 'Giảm giá đặc biệt 10%', 'PERCENTAGE', 'Khuyến mãi giảm 10% cho sản phẩm', 0.1, true, '2025-03-01', '2025-03-28', 152);
INSERT INTO discounts (id, name, type, description, discount_rate, discount_status, start_date, end_date, product_id) VALUES (49, 'Sale tháng 2 20%', 'FIXED_AMOUNT', 'Khuyến mãi giảm 20% cho sản phẩm', 0.2, true, '2025-01-01', '2025-01-28', 156);
INSERT INTO discounts (id, name, type, description, discount_rate, discount_status, start_date, end_date, product_id) VALUES (50, 'Giảm giá mùa hè 30%', 'PERCENTAGE', 'Khuyến mãi giảm 30% cho sản phẩm', 0.3, true, '2025-05-01', '2025-05-28', 150);
INSERT INTO discounts (id, name, type, description, discount_rate, discount_status, start_date, end_date, product_id) VALUES (51, 'Mua 1 tặng 1 15%', 'FIXED_AMOUNT', 'Khuyến mãi giảm 15% cho sản phẩm', 0.15, false, '2025-10-01', '2025-10-28', 154);
INSERT INTO discounts (id, name, type, description, discount_rate, discount_status, start_date, end_date, product_id) VALUES (52, 'Cyber Monday 25%', 'PERCENTAGE', 'Khuyến mãi giảm 25% cho sản phẩm', 0.25, true, '2025-12-01', '2025-12-28', 158);
INSERT INTO discounts (id, name, type, description, discount_rate, discount_status, start_date, end_date, product_id) VALUES (53, 'Ưu đãi thành viên 30%', 'FIXED_AMOUNT', 'Khuyến mãi giảm 30% cho sản phẩm', 0.3, true, '2025-05-01', '2025-05-28', 162);
INSERT INTO discounts (id, name, type, description, discount_rate, discount_status, start_date, end_date, product_id) VALUES (54, 'Flash Sale 20%', 'PERCENTAGE', 'Khuyến mãi giảm 20% cho sản phẩm', 0.2, true, '2025-03-01', '2025-03-28', 166);
INSERT INTO discounts (id, name, type, description, discount_rate, discount_status, start_date, end_date, product_id) VALUES (55, 'Khuyến mãi cuối tuần 40%', 'FIXED_AMOUNT', 'Khuyến mãi giảm 40% cho sản phẩm', 0.4, false, '2025-06-01', '2025-06-28', 170);
INSERT INTO discounts (id, name, type, description, discount_rate, discount_status, start_date, end_date, product_id) VALUES (56, 'Hot deal 10%', 'PERCENTAGE', 'Khuyến mãi giảm 10% cho sản phẩm', 0.1, true, '2025-10-01', '2025-10-28', 174);
INSERT INTO discounts (id, name, type, description, discount_rate, discount_status, start_date, end_date, product_id) VALUES (57, 'Khuyến mãi cuối tuần 35%', 'FIXED_AMOUNT', 'Khuyến mãi giảm 35% cho sản phẩm', 0.35, true, '2025-11-01', '2025-11-28', 178);
INSERT INTO discounts (id, name, type, description, discount_rate, discount_status, start_date, end_date, product_id) VALUES (58, 'Khuyến mãi sinh nhật 35%', 'PERCENTAGE', 'Khuyến mãi giảm 35% cho sản phẩm', 0.35, true, '2025-04-01', '2025-04-28', 182);
INSERT INTO discounts (id, name, type, description, discount_rate, discount_status, start_date, end_date, product_id) VALUES (59, 'Ưu đãi thành viên 40%', 'FIXED_AMOUNT', 'Khuyến mãi giảm 40% cho sản phẩm', 0.4, true, '2025-01-01', '2025-01-28', 186);
INSERT INTO discounts (id, name, type, description, discount_rate, discount_status, start_date, end_date, product_id) VALUES (60, 'Flash Sale 10%', 'PERCENTAGE', 'Khuyến mãi giảm 10% cho sản phẩm', 0.1, true, '2025-09-01', '2025-09-28', 180);
INSERT INTO discounts (id, name, type, description, discount_rate, discount_status, start_date, end_date, product_id) VALUES (61, 'Ưu đãi thành viên 10%', 'FIXED_AMOUNT', 'Khuyến mãi giảm 10% cho sản phẩm', 0.1, true, '2025-03-01', '2025-03-28', 184);
INSERT INTO discounts (id, name, type, description, discount_rate, discount_status, start_date, end_date, product_id) VALUES (62, 'Giảm giá sốc 20%', 'PERCENTAGE', 'Khuyến mãi giảm 20% cho sản phẩm', 0.2, false, '2025-10-01', '2025-10-28', 188);
INSERT INTO discounts (id, name, type, description, discount_rate, discount_status, start_date, end_date, product_id) VALUES (63, 'Hot deal 20%', 'FIXED_AMOUNT', 'Khuyến mãi giảm 20% cho sản phẩm', 0.2, false, '2025-03-01', '2025-03-28', 192);
INSERT INTO discounts (id, name, type, description, discount_rate, discount_status, start_date, end_date, product_id) VALUES (64, 'Black Friday 5%', 'PERCENTAGE', 'Khuyến mãi giảm 5% cho sản phẩm', 0.05, false, '2025-06-01', '2025-06-28', 196);
INSERT INTO discounts (id, name, type, description, discount_rate, discount_status, start_date, end_date, product_id) VALUES (65, 'Ưu đãi thành viên 15%', 'FIXED_AMOUNT', 'Khuyến mãi giảm 15% cho sản phẩm', 0.15, true, '2025-09-01', '2025-09-28', 200);
INSERT INTO discounts (id, name, type, description, discount_rate, discount_status, start_date, end_date, product_id) VALUES (66, 'Khuyến mãi cuối tuần 10%', 'PERCENTAGE', 'Khuyến mãi giảm 10% cho sản phẩm', 0.1, true, '2025-01-01', '2025-01-28', 204);
INSERT INTO discounts (id, name, type, description, discount_rate, discount_status, start_date, end_date, product_id) VALUES (67, 'Khuyến mãi sinh nhật 10%', 'FIXED_AMOUNT', 'Khuyến mãi giảm 10% cho sản phẩm', 0.1, true, '2025-07-01', '2025-07-28', 208);
INSERT INTO discounts (id, name, type, description, discount_rate, discount_status, start_date, end_date, product_id) VALUES (68, 'Mua 1 tặng 1 40%', 'PERCENTAGE', 'Khuyến mãi giảm 40% cho sản phẩm', 0.4, true, '2025-07-01', '2025-07-28', 212);
INSERT INTO discounts (id, name, type, description, discount_rate, discount_status, start_date, end_date, product_id) VALUES (69, 'Sale tháng 2 10%', 'FIXED_AMOUNT', 'Khuyến mãi giảm 10% cho sản phẩm', 0.1, true, '2025-04-01', '2025-04-28', 216);
INSERT INTO discounts (id, name, type, description, discount_rate, discount_status, start_date, end_date, product_id) VALUES (70, 'Khuyến mãi sinh nhật 15%', 'PERCENTAGE', 'Khuyến mãi giảm 15% cho sản phẩm', 0.15, true, '2025-10-01', '2025-10-28', 210);
INSERT INTO discounts (id, name, type, description, discount_rate, discount_status, start_date, end_date, product_id) VALUES (71, 'Mua 1 tặng 1 20%', 'FIXED_AMOUNT', 'Khuyến mãi giảm 20% cho sản phẩm', 0.2, false, '2025-05-01', '2025-05-28', 214);
INSERT INTO discounts (id, name, type, description, discount_rate, discount_status, start_date, end_date, product_id) VALUES (72, 'Mua 1 tặng 1 10%', 'PERCENTAGE', 'Khuyến mãi giảm 10% cho sản phẩm', 0.1, true, '2025-12-01', '2025-12-28', 218);
INSERT INTO discounts (id, name, type, description, discount_rate, discount_status, start_date, end_date, product_id) VALUES (73, 'Hot deal 40%', 'FIXED_AMOUNT', 'Khuyến mãi giảm 40% cho sản phẩm', 0.4, true, '2025-04-01', '2025-04-28', 222);
INSERT INTO discounts (id, name, type, description, discount_rate, discount_status, start_date, end_date, product_id) VALUES (74, 'Flash Sale 35%', 'PERCENTAGE', 'Khuyến mãi giảm 35% cho sản phẩm', 0.35, true, '2025-01-01', '2025-01-28', 226);
INSERT INTO discounts (id, name, type, description, discount_rate, discount_status, start_date, end_date, product_id) VALUES (75, 'Sale tháng 2 10%', 'FIXED_AMOUNT', 'Khuyến mãi giảm 10% cho sản phẩm', 0.1, true, '2025-02-01', '2025-02-28', 230);
INSERT INTO discounts (id, name, type, description, discount_rate, discount_status, start_date, end_date, product_id) VALUES (76, 'Ưu đãi thành viên 40%', 'PERCENTAGE', 'Khuyến mãi giảm 40% cho sản phẩm', 0.4, true, '2025-06-01', '2025-06-28', 234);
INSERT INTO discounts (id, name, type, description, discount_rate, discount_status, start_date, end_date, product_id) VALUES (77, 'Mua 1 tặng 1 5%', 'FIXED_AMOUNT', 'Khuyến mãi giảm 5% cho sản phẩm', 0.05, true, '2025-01-01', '2025-01-28', 238);
INSERT INTO discounts (id, name, type, description, discount_rate, discount_status, start_date, end_date, product_id) VALUES (78, 'Hot deal 5%', 'PERCENTAGE', 'Khuyến mãi giảm 5% cho sản phẩm', 0.05, true, '2025-05-01', '2025-05-28', 242);
INSERT INTO discounts (id, name, type, description, discount_rate, discount_status, start_date, end_date, product_id) VALUES (79, 'Khuyến mãi cuối tuần 10%', 'FIXED_AMOUNT', 'Khuyến mãi giảm 10% cho sản phẩm', 0.1, false, '2025-07-01', '2025-07-28', 246);
INSERT INTO discounts (id, name, type, description, discount_rate, discount_status, start_date, end_date, product_id) VALUES (80, 'Hot deal 30%', 'PERCENTAGE', 'Khuyến mãi giảm 30% cho sản phẩm', 0.3, true, '2025-10-01', '2025-10-28', 240);

-- ============================================
-- ORDERS
-- ============================================
INSERT INTO orders (id, payment_fee, total_price, created_date, delivery_address, status, notes, used_point, used_at, payment_method, user_id) VALUES (1, 25000, 35087269, '2025-02-18', '831 Lê Văn Việt, Thủ Đức, TP.HCM', 'CANCELLED', NULL, 457, '2025-02-18', 'ONLINE_BANKING', 6);
INSERT INTO orders (id, payment_fee, total_price, created_date, delivery_address, status, notes, used_point, used_at, payment_method, user_id) VALUES (2, 30000, 42285617, '2025-02-03', '12 Bạch Đằng, Bình Thạnh, TP.HCM', 'CONFIRMED', 'Để ở bảo vệ', 0, NULL, 'CASH_ON_DELIVERY', 41);
INSERT INTO orders (id, payment_fee, total_price, created_date, delivery_address, status, notes, used_point, used_at, payment_method, user_id) VALUES (3, 30000, 23310082, '2025-02-20', '484 Nguyễn Văn Cừ, Quận 5, TP.HCM', 'PROCESSING', 'Gọi trước khi giao', 219, '2025-02-20', 'CASH_ON_DELIVERY', 8);
INSERT INTO orders (id, payment_fee, total_price, created_date, delivery_address, status, notes, used_point, used_at, payment_method, user_id) VALUES (4, 25000, 8585416, '2025-02-05', '492 Trần Hưng Đạo, Quận 5, TP.HCM', 'RETURNED', NULL, 0, NULL, 'ONLINE_BANKING', 24);
INSERT INTO orders (id, payment_fee, total_price, created_date, delivery_address, status, notes, used_point, used_at, payment_method, user_id) VALUES (5, 30000, 18943153, '2025-02-02', '572 Nguyễn Văn Cừ, Quận 5, TP.HCM', 'SHIPPED', NULL, 0, NULL, 'CASH_ON_DELIVERY', 14);
INSERT INTO orders (id, payment_fee, total_price, created_date, delivery_address, status, notes, used_point, used_at, payment_method, user_id) VALUES (6, 25000, 28693775, '2025-02-02', '462 Lê Văn Việt, Thủ Đức, TP.HCM', 'PENDING', 'Giao giờ hành chính', 0, NULL, 'ONLINE_BANKING', 39);
INSERT INTO orders (id, payment_fee, total_price, created_date, delivery_address, status, notes, used_point, used_at, payment_method, user_id) VALUES (7, 30000, 42187437, '2025-02-21', '826 Nguyễn Trãi, Quận 5, TP.HCM', 'DELIVERED', 'Gọi trước khi giao', 405, '2025-02-21', 'CASH_ON_DELIVERY', 19);
INSERT INTO orders (id, payment_fee, total_price, created_date, delivery_address, status, notes, used_point, used_at, payment_method, user_id) VALUES (8, 25000, 35726587, '2025-01-28', '612 Cộng Hòa, Tân Bình, TP.HCM', 'SHIPPED', NULL, 0, NULL, 'ONLINE_BANKING', 48);
INSERT INTO orders (id, payment_fee, total_price, created_date, delivery_address, status, notes, used_point, used_at, payment_method, user_id) VALUES (9, 30000, 20549173, '2025-02-05', '718 Hai Bà Trưng, Quận 3, TP.HCM', 'PROCESSING', NULL, 275, '2025-02-05', 'ONLINE_BANKING', 13);
INSERT INTO orders (id, payment_fee, total_price, created_date, delivery_address, status, notes, used_point, used_at, payment_method, user_id) VALUES (10, 25000, 8778702, '2025-02-23', '612 Cộng Hòa, Tân Bình, TP.HCM', 'PENDING', 'Giao hàng nhanh', 0, NULL, 'CASH_ON_DELIVERY', 48);
INSERT INTO orders (id, payment_fee, total_price, created_date, delivery_address, status, notes, used_point, used_at, payment_method, user_id) VALUES (11, 30000, 9900172, '2025-02-18', '364 Phạm Ngũ Lão, Quận 1, TP.HCM', 'CANCELLED', NULL, 0, NULL, 'ONLINE_BANKING', 28);
INSERT INTO orders (id, payment_fee, total_price, created_date, delivery_address, status, notes, used_point, used_at, payment_method, user_id) VALUES (12, 25000, 33791169, '2025-02-09', '950 Pasteur, Quận 1, TP.HCM', 'CANCELLED', 'Giao giờ hành chính', 0, NULL, 'ONLINE_BANKING', 49);
INSERT INTO orders (id, payment_fee, total_price, created_date, delivery_address, status, notes, used_point, used_at, payment_method, user_id) VALUES (13, 30000, 16441852, '2025-02-13', '837 Võ Văn Ngân, Thủ Đức, TP.HCM', 'RETURNED', NULL, 356, '2025-02-13', 'ONLINE_BANKING', 21);
INSERT INTO orders (id, payment_fee, total_price, created_date, delivery_address, status, notes, used_point, used_at, payment_method, user_id) VALUES (14, 25000, 47856086, '2025-01-17', '583 Võ Văn Ngân, Thủ Đức, TP.HCM', 'PENDING', NULL, 0, NULL, 'ONLINE_BANKING', 22);
INSERT INTO orders (id, payment_fee, total_price, created_date, delivery_address, status, notes, used_point, used_at, payment_method, user_id) VALUES (15, 25000, 13865620, '2025-02-11', '387 Bạch Đằng, Bình Thạnh, TP.HCM', 'CANCELLED', 'Để ở bảo vệ', 49, '2025-02-11', 'CASH_ON_DELIVERY', 40);
INSERT INTO orders (id, payment_fee, total_price, created_date, delivery_address, status, notes, used_point, used_at, payment_method, user_id) VALUES (16, 25000, 21714742, '2025-01-03', '68 Điện Biên Phủ, Bình Thạnh, TP.HCM', 'RETURNED', 'Giao buổi tối', 493, '2025-01-03', 'ONLINE_BANKING', 45);
INSERT INTO orders (id, payment_fee, total_price, created_date, delivery_address, status, notes, used_point, used_at, payment_method, user_id) VALUES (17, 25000, 23021075, '2025-01-26', '718 Hai Bà Trưng, Quận 3, TP.HCM', 'PROCESSING', 'Giao giờ hành chính', 296, '2025-01-26', 'CASH_ON_DELIVERY', 13);
INSERT INTO orders (id, payment_fee, total_price, created_date, delivery_address, status, notes, used_point, used_at, payment_method, user_id) VALUES (18, 25000, 34916478, '2025-01-07', '691 Trần Hưng Đạo, Quận 5, TP.HCM', 'CONFIRMED', NULL, 130, '2025-01-07', 'ONLINE_BANKING', 17);
INSERT INTO orders (id, payment_fee, total_price, created_date, delivery_address, status, notes, used_point, used_at, payment_method, user_id) VALUES (19, 25000, 48267784, '2025-02-13', '612 Cộng Hòa, Tân Bình, TP.HCM', 'SHIPPED', 'Gọi trước khi giao', 487, '2025-02-13', 'CASH_ON_DELIVERY', 48);
INSERT INTO orders (id, payment_fee, total_price, created_date, delivery_address, status, notes, used_point, used_at, payment_method, user_id) VALUES (20, 30000, 54814451, '2025-01-17', '605 Lý Thái Tổ, Quận 10, TP.HCM', 'PENDING', 'Giao giờ hành chính', 424, '2025-01-17', 'CASH_ON_DELIVERY', 46);
INSERT INTO orders (id, payment_fee, total_price, created_date, delivery_address, status, notes, used_point, used_at, payment_method, user_id) VALUES (21, 25000, 11301958, '2025-02-09', '950 Pasteur, Quận 1, TP.HCM', 'CANCELLED', 'Giao hàng nhanh', 0, NULL, 'ONLINE_BANKING', 49);
INSERT INTO orders (id, payment_fee, total_price, created_date, delivery_address, status, notes, used_point, used_at, payment_method, user_id) VALUES (22, 25000, 15016285, '2025-01-07', '648 Lý Chính Thắng, Quận 3, TP.HCM', 'DELIVERED', 'Gọi trước khi giao', 28, '2025-01-07', 'ONLINE_BANKING', 16);
INSERT INTO orders (id, payment_fee, total_price, created_date, delivery_address, status, notes, used_point, used_at, payment_method, user_id) VALUES (23, 25000, 21191320, '2025-01-13', '966 Trần Quốc Toản, Quận 3, TP.HCM', 'CANCELLED', 'Để ở bảo vệ', 0, NULL, 'ONLINE_BANKING', 44);
INSERT INTO orders (id, payment_fee, total_price, created_date, delivery_address, status, notes, used_point, used_at, payment_method, user_id) VALUES (24, 25000, 24326062, '2025-01-22', '32 Xa lộ Hà Nội, Quận 2, TP.HCM', 'PENDING', 'Giao hàng nhanh', 0, NULL, 'ONLINE_BANKING', 11);
INSERT INTO orders (id, payment_fee, total_price, created_date, delivery_address, status, notes, used_point, used_at, payment_method, user_id) VALUES (25, 30000, 8612598, '2025-02-25', '249 Lý Thái Tổ, Quận 10, TP.HCM', 'SHIPPED', 'Giao buổi tối', 0, NULL, 'CASH_ON_DELIVERY', 7);
INSERT INTO orders (id, payment_fee, total_price, created_date, delivery_address, status, notes, used_point, used_at, payment_method, user_id) VALUES (26, 30000, 16459162, '2025-01-23', '369 Điện Biên Phủ, Bình Thạnh, TP.HCM', 'RETURNED', 'Giao buổi tối', 137, '2025-01-23', 'CASH_ON_DELIVERY', 18);
INSERT INTO orders (id, payment_fee, total_price, created_date, delivery_address, status, notes, used_point, used_at, payment_method, user_id) VALUES (27, 25000, 3128705, '2025-02-04', '12 Bạch Đằng, Bình Thạnh, TP.HCM', 'CANCELLED', 'Để ở bảo vệ', 12, '2025-02-04', 'CASH_ON_DELIVERY', 41);
INSERT INTO orders (id, payment_fee, total_price, created_date, delivery_address, status, notes, used_point, used_at, payment_method, user_id) VALUES (28, 30000, 43509507, '2025-01-13', '334 Cách Mạng Tháng 8, Quận 3, TP.HCM', 'PROCESSING', 'Giao buổi tối', 34, '2025-01-13', 'ONLINE_BANKING', 54);
INSERT INTO orders (id, payment_fee, total_price, created_date, delivery_address, status, notes, used_point, used_at, payment_method, user_id) VALUES (29, 30000, 15320309, '2025-01-24', '640 Phạm Ngũ Lão, Quận 1, TP.HCM', 'DELIVERED', 'Giao buổi tối', 404, '2025-01-24', 'CASH_ON_DELIVERY', 51);
INSERT INTO orders (id, payment_fee, total_price, created_date, delivery_address, status, notes, used_point, used_at, payment_method, user_id) VALUES (30, 25000, 1135631, '2025-02-04', '334 Cách Mạng Tháng 8, Quận 3, TP.HCM', 'SHIPPED', NULL, 0, NULL, 'ONLINE_BANKING', 54);
INSERT INTO orders (id, payment_fee, total_price, created_date, delivery_address, status, notes, used_point, used_at, payment_method, user_id) VALUES (31, 25000, 26649524, '2025-02-23', '192 Cách Mạng Tháng 8, Quận 3, TP.HCM', 'PENDING', 'Để ở bảo vệ', 266, '2025-02-23', 'CASH_ON_DELIVERY', 36);
INSERT INTO orders (id, payment_fee, total_price, created_date, delivery_address, status, notes, used_point, used_at, payment_method, user_id) VALUES (32, 30000, 39658723, '2025-01-03', '435 Xa lộ Hà Nội, Quận 2, TP.HCM', 'PENDING', NULL, 0, NULL, 'CASH_ON_DELIVERY', 12);
INSERT INTO orders (id, payment_fee, total_price, created_date, delivery_address, status, notes, used_point, used_at, payment_method, user_id) VALUES (33, 30000, 30603371, '2025-01-15', '171 Cộng Hòa, Tân Bình, TP.HCM', 'DELIVERED', 'Giao hàng nhanh', 0, NULL, 'ONLINE_BANKING', 43);
INSERT INTO orders (id, payment_fee, total_price, created_date, delivery_address, status, notes, used_point, used_at, payment_method, user_id) VALUES (34, 30000, 48985752, '2025-01-08', '129 Cách Mạng Tháng 8, Quận 3, TP.HCM', 'PROCESSING', 'Giao buổi tối', 0, NULL, 'ONLINE_BANKING', 52);
INSERT INTO orders (id, payment_fee, total_price, created_date, delivery_address, status, notes, used_point, used_at, payment_method, user_id) VALUES (35, 30000, 54103881, '2025-01-26', '914 Pasteur, Quận 1, TP.HCM', 'RETURNED', NULL, 0, NULL, 'ONLINE_BANKING', 35);
INSERT INTO orders (id, payment_fee, total_price, created_date, delivery_address, status, notes, used_point, used_at, payment_method, user_id) VALUES (36, 25000, 2807784, '2025-02-20', '512 Nguyễn Thị Minh Khai, Quận 1, TP.HCM', 'DELIVERED', 'Để ở bảo vệ', 0, NULL, 'ONLINE_BANKING', 53);
INSERT INTO orders (id, payment_fee, total_price, created_date, delivery_address, status, notes, used_point, used_at, payment_method, user_id) VALUES (37, 30000, 21414141, '2025-02-07', '369 Điện Biên Phủ, Bình Thạnh, TP.HCM', 'RETURNED', NULL, 450, '2025-02-07', 'CASH_ON_DELIVERY', 18);
INSERT INTO orders (id, payment_fee, total_price, created_date, delivery_address, status, notes, used_point, used_at, payment_method, user_id) VALUES (38, 30000, 24825606, '2025-01-28', '321 Cách Mạng Tháng 8, Quận 3, TP.HCM', 'CONFIRMED', 'Giao buổi tối', 388, '2025-01-28', 'ONLINE_BANKING', 47);
INSERT INTO orders (id, payment_fee, total_price, created_date, delivery_address, status, notes, used_point, used_at, payment_method, user_id) VALUES (39, 25000, 15041140, '2025-01-05', '966 Trần Quốc Toản, Quận 3, TP.HCM', 'DELIVERED', NULL, 0, NULL, 'ONLINE_BANKING', 44);
INSERT INTO orders (id, payment_fee, total_price, created_date, delivery_address, status, notes, used_point, used_at, payment_method, user_id) VALUES (40, 30000, 9998661, '2025-01-18', '914 Pasteur, Quận 1, TP.HCM', 'SHIPPED', NULL, 60, '2025-01-18', 'ONLINE_BANKING', 35);
INSERT INTO orders (id, payment_fee, total_price, created_date, delivery_address, status, notes, used_point, used_at, payment_method, user_id) VALUES (41, 25000, 34877037, '2025-02-23', '341 Cộng Hòa, Tân Bình, TP.HCM', 'DELIVERED', 'Giao giờ hành chính', 0, NULL, 'ONLINE_BANKING', 32);
INSERT INTO orders (id, payment_fee, total_price, created_date, delivery_address, status, notes, used_point, used_at, payment_method, user_id) VALUES (42, 30000, 18072561, '2025-01-09', '837 Võ Văn Ngân, Thủ Đức, TP.HCM', 'CONFIRMED', 'Giao giờ hành chính', 34, '2025-01-09', 'CASH_ON_DELIVERY', 21);
INSERT INTO orders (id, payment_fee, total_price, created_date, delivery_address, status, notes, used_point, used_at, payment_method, user_id) VALUES (43, 25000, 43662657, '2025-02-27', '195 Hoàng Diệu, Quận 4, TP.HCM', 'SHIPPED', 'Gọi trước khi giao', 423, '2025-02-27', 'ONLINE_BANKING', 27);
INSERT INTO orders (id, payment_fee, total_price, created_date, delivery_address, status, notes, used_point, used_at, payment_method, user_id) VALUES (44, 30000, 3400670, '2025-01-16', '826 Nguyễn Trãi, Quận 5, TP.HCM', 'DELIVERED', 'Giao buổi tối', 0, NULL, 'CASH_ON_DELIVERY', 19);
INSERT INTO orders (id, payment_fee, total_price, created_date, delivery_address, status, notes, used_point, used_at, payment_method, user_id) VALUES (45, 30000, 28829420, '2025-01-14', '821 Điện Biên Phủ, Bình Thạnh, TP.HCM', 'RETURNED', NULL, 0, NULL, 'ONLINE_BANKING', 30);
INSERT INTO orders (id, payment_fee, total_price, created_date, delivery_address, status, notes, used_point, used_at, payment_method, user_id) VALUES (46, 30000, 13615143, '2025-02-15', '583 Võ Văn Ngân, Thủ Đức, TP.HCM', 'CONFIRMED', 'Giao hàng nhanh', 124, '2025-02-15', 'CASH_ON_DELIVERY', 22);
INSERT INTO orders (id, payment_fee, total_price, created_date, delivery_address, status, notes, used_point, used_at, payment_method, user_id) VALUES (47, 30000, 6192616, '2025-02-18', '492 Trần Hưng Đạo, Quận 5, TP.HCM', 'SHIPPED', 'Để ở bảo vệ', 0, NULL, 'ONLINE_BANKING', 24);
INSERT INTO orders (id, payment_fee, total_price, created_date, delivery_address, status, notes, used_point, used_at, payment_method, user_id) VALUES (48, 25000, 4210158, '2025-02-20', '718 Hai Bà Trưng, Quận 3, TP.HCM', 'DELIVERED', 'Giao hàng nhanh', 0, NULL, 'ONLINE_BANKING', 13);
INSERT INTO orders (id, payment_fee, total_price, created_date, delivery_address, status, notes, used_point, used_at, payment_method, user_id) VALUES (49, 30000, 14014215, '2025-02-04', '718 Hai Bà Trưng, Quận 3, TP.HCM', 'SHIPPED', NULL, 308, '2025-02-04', 'CASH_ON_DELIVERY', 13);
INSERT INTO orders (id, payment_fee, total_price, created_date, delivery_address, status, notes, used_point, used_at, payment_method, user_id) VALUES (50, 25000, 16902433, '2025-02-23', '821 Điện Biên Phủ, Bình Thạnh, TP.HCM', 'PENDING', 'Để ở bảo vệ', 0, NULL, 'ONLINE_BANKING', 30);
INSERT INTO orders (id, payment_fee, total_price, created_date, delivery_address, status, notes, used_point, used_at, payment_method, user_id) VALUES (51, 25000, 1404442, '2025-01-26', '652 Võ Văn Ngân, Thủ Đức, TP.HCM', 'PROCESSING', 'Để ở bảo vệ', 62, '2025-01-26', 'CASH_ON_DELIVERY', 23);
INSERT INTO orders (id, payment_fee, total_price, created_date, delivery_address, status, notes, used_point, used_at, payment_method, user_id) VALUES (52, 25000, 28954760, '2025-01-10', '640 Phạm Ngũ Lão, Quận 1, TP.HCM', 'PENDING', 'Giao buổi tối', 0, NULL, 'ONLINE_BANKING', 51);
INSERT INTO orders (id, payment_fee, total_price, created_date, delivery_address, status, notes, used_point, used_at, payment_method, user_id) VALUES (53, 30000, 21712045, '2025-02-22', '192 Cách Mạng Tháng 8, Quận 3, TP.HCM', 'RETURNED', 'Gọi trước khi giao', 418, '2025-02-22', 'CASH_ON_DELIVERY', 36);
INSERT INTO orders (id, payment_fee, total_price, created_date, delivery_address, status, notes, used_point, used_at, payment_method, user_id) VALUES (54, 25000, 22622246, '2025-01-07', '462 Lê Văn Việt, Thủ Đức, TP.HCM', 'PENDING', 'Giao giờ hành chính', 0, NULL, 'ONLINE_BANKING', 39);
INSERT INTO orders (id, payment_fee, total_price, created_date, delivery_address, status, notes, used_point, used_at, payment_method, user_id) VALUES (55, 25000, 35266870, '2025-01-05', '691 Trần Hưng Đạo, Quận 5, TP.HCM', 'CANCELLED', 'Gọi trước khi giao', 0, NULL, 'CASH_ON_DELIVERY', 17);
INSERT INTO orders (id, payment_fee, total_price, created_date, delivery_address, status, notes, used_point, used_at, payment_method, user_id) VALUES (56, 25000, 28421872, '2025-02-09', '362 Lê Lợi, Quận 1, TP.HCM', 'RETURNED', 'Giao buổi tối', 0, NULL, 'ONLINE_BANKING', 25);
INSERT INTO orders (id, payment_fee, total_price, created_date, delivery_address, status, notes, used_point, used_at, payment_method, user_id) VALUES (57, 30000, 33540535, '2025-02-07', '484 Nguyễn Văn Cừ, Quận 5, TP.HCM', 'DELIVERED', NULL, 0, NULL, 'ONLINE_BANKING', 8);
INSERT INTO orders (id, payment_fee, total_price, created_date, delivery_address, status, notes, used_point, used_at, payment_method, user_id) VALUES (58, 30000, 14366584, '2025-01-01', '718 Hai Bà Trưng, Quận 3, TP.HCM', 'CONFIRMED', 'Để ở bảo vệ', 0, NULL, 'ONLINE_BANKING', 13);
INSERT INTO orders (id, payment_fee, total_price, created_date, delivery_address, status, notes, used_point, used_at, payment_method, user_id) VALUES (59, 30000, 8943304, '2025-02-12', '484 Nguyễn Văn Cừ, Quận 5, TP.HCM', 'DELIVERED', 'Để ở bảo vệ', 246, '2025-02-12', 'CASH_ON_DELIVERY', 8);
INSERT INTO orders (id, payment_fee, total_price, created_date, delivery_address, status, notes, used_point, used_at, payment_method, user_id) VALUES (60, 30000, 18987392, '2025-01-24', '387 Bạch Đằng, Bình Thạnh, TP.HCM', 'CANCELLED', NULL, 0, NULL, 'CASH_ON_DELIVERY', 40);
INSERT INTO orders (id, payment_fee, total_price, created_date, delivery_address, status, notes, used_point, used_at, payment_method, user_id) VALUES (61, 25000, 8389707, '2025-02-18', '32 Xa lộ Hà Nội, Quận 2, TP.HCM', 'DELIVERED', 'Giao hàng nhanh', 436, '2025-02-18', 'ONLINE_BANKING', 11);
INSERT INTO orders (id, payment_fee, total_price, created_date, delivery_address, status, notes, used_point, used_at, payment_method, user_id) VALUES (62, 30000, 25786858, '2025-02-05', '584 Lý Thái Tổ, Quận 10, TP.HCM', 'DELIVERED', NULL, 0, NULL, 'ONLINE_BANKING', 33);
INSERT INTO orders (id, payment_fee, total_price, created_date, delivery_address, status, notes, used_point, used_at, payment_method, user_id) VALUES (63, 30000, 24251702, '2025-01-11', '718 Hai Bà Trưng, Quận 3, TP.HCM', 'SHIPPED', 'Để ở bảo vệ', 25, '2025-01-11', 'ONLINE_BANKING', 13);
INSERT INTO orders (id, payment_fee, total_price, created_date, delivery_address, status, notes, used_point, used_at, payment_method, user_id) VALUES (64, 30000, 7815864, '2025-02-27', '462 Lê Văn Việt, Thủ Đức, TP.HCM', 'PROCESSING', 'Giao giờ hành chính', 0, NULL, 'ONLINE_BANKING', 39);
INSERT INTO orders (id, payment_fee, total_price, created_date, delivery_address, status, notes, used_point, used_at, payment_method, user_id) VALUES (65, 30000, 38907739, '2025-02-13', '32 Xa lộ Hà Nội, Quận 2, TP.HCM', 'SHIPPED', 'Giao giờ hành chính', 0, NULL, 'CASH_ON_DELIVERY', 11);
INSERT INTO orders (id, payment_fee, total_price, created_date, delivery_address, status, notes, used_point, used_at, payment_method, user_id) VALUES (66, 25000, 27989363, '2025-02-07', '362 Lê Lợi, Quận 1, TP.HCM', 'DELIVERED', 'Gọi trước khi giao', 0, NULL, 'ONLINE_BANKING', 25);
INSERT INTO orders (id, payment_fee, total_price, created_date, delivery_address, status, notes, used_point, used_at, payment_method, user_id) VALUES (67, 30000, 19444448, '2025-01-06', '175 Hai Bà Trưng, Quận 3, TP.HCM', 'DELIVERED', 'Giao buổi tối', 0, NULL, 'ONLINE_BANKING', 10);
INSERT INTO orders (id, payment_fee, total_price, created_date, delivery_address, status, notes, used_point, used_at, payment_method, user_id) VALUES (68, 25000, 9709564, '2025-02-16', '195 Hoàng Diệu, Quận 4, TP.HCM', 'DELIVERED', 'Giao buổi tối', 0, NULL, 'ONLINE_BANKING', 27);
INSERT INTO orders (id, payment_fee, total_price, created_date, delivery_address, status, notes, used_point, used_at, payment_method, user_id) VALUES (69, 30000, 15073329, '2025-02-06', '195 Hoàng Diệu, Quận 4, TP.HCM', 'CANCELLED', NULL, 229, '2025-02-06', 'CASH_ON_DELIVERY', 27);
INSERT INTO orders (id, payment_fee, total_price, created_date, delivery_address, status, notes, used_point, used_at, payment_method, user_id) VALUES (70, 30000, 44970156, '2025-02-17', '623 Xa lộ Hà Nội, Quận 2, TP.HCM', 'RETURNED', 'Để ở bảo vệ', 0, NULL, 'CASH_ON_DELIVERY', 5);
INSERT INTO orders (id, payment_fee, total_price, created_date, delivery_address, status, notes, used_point, used_at, payment_method, user_id) VALUES (71, 25000, 16406332, '2025-02-19', '950 Pasteur, Quận 1, TP.HCM', 'RETURNED', 'Để ở bảo vệ', 288, '2025-02-19', 'CASH_ON_DELIVERY', 49);
INSERT INTO orders (id, payment_fee, total_price, created_date, delivery_address, status, notes, used_point, used_at, payment_method, user_id) VALUES (72, 30000, 20960568, '2025-01-20', '12 Bạch Đằng, Bình Thạnh, TP.HCM', 'CANCELLED', NULL, 0, NULL, 'CASH_ON_DELIVERY', 41);
INSERT INTO orders (id, payment_fee, total_price, created_date, delivery_address, status, notes, used_point, used_at, payment_method, user_id) VALUES (73, 30000, 4431236, '2025-02-11', '492 Trần Hưng Đạo, Quận 5, TP.HCM', 'PENDING', 'Giao hàng nhanh', 206, '2025-02-11', 'CASH_ON_DELIVERY', 24);
INSERT INTO orders (id, payment_fee, total_price, created_date, delivery_address, status, notes, used_point, used_at, payment_method, user_id) VALUES (74, 30000, 19095373, '2025-02-09', '129 Cách Mạng Tháng 8, Quận 3, TP.HCM', 'PENDING', 'Giao buổi tối', 0, NULL, 'ONLINE_BANKING', 52);
INSERT INTO orders (id, payment_fee, total_price, created_date, delivery_address, status, notes, used_point, used_at, payment_method, user_id) VALUES (75, 25000, 40547675, '2025-01-23', '321 Cách Mạng Tháng 8, Quận 3, TP.HCM', 'PENDING', 'Gọi trước khi giao', 0, NULL, 'CASH_ON_DELIVERY', 47);
INSERT INTO orders (id, payment_fee, total_price, created_date, delivery_address, status, notes, used_point, used_at, payment_method, user_id) VALUES (76, 30000, 16416361, '2025-01-13', '838 Lý Chính Thắng, Quận 3, TP.HCM', 'SHIPPED', 'Gọi trước khi giao', 170, '2025-01-13', 'CASH_ON_DELIVERY', 50);
INSERT INTO orders (id, payment_fee, total_price, created_date, delivery_address, status, notes, used_point, used_at, payment_method, user_id) VALUES (77, 25000, 27058929, '2025-01-16', '175 Hai Bà Trưng, Quận 3, TP.HCM', 'PENDING', 'Giao giờ hành chính', 251, '2025-01-16', 'CASH_ON_DELIVERY', 10);
INSERT INTO orders (id, payment_fee, total_price, created_date, delivery_address, status, notes, used_point, used_at, payment_method, user_id) VALUES (78, 30000, 31045302, '2025-01-06', '68 Điện Biên Phủ, Bình Thạnh, TP.HCM', 'PENDING', 'Giao giờ hành chính', 0, NULL, 'ONLINE_BANKING', 45);
INSERT INTO orders (id, payment_fee, total_price, created_date, delivery_address, status, notes, used_point, used_at, payment_method, user_id) VALUES (79, 30000, 53945384, '2025-01-10', '171 Cộng Hòa, Tân Bình, TP.HCM', 'SHIPPED', 'Giao buổi tối', 392, '2025-01-10', 'CASH_ON_DELIVERY', 43);
INSERT INTO orders (id, payment_fee, total_price, created_date, delivery_address, status, notes, used_point, used_at, payment_method, user_id) VALUES (80, 25000, 25748730, '2025-01-25', '321 Cách Mạng Tháng 8, Quận 3, TP.HCM', 'PROCESSING', 'Giao hàng nhanh', 0, NULL, 'CASH_ON_DELIVERY', 47);
INSERT INTO orders (id, payment_fee, total_price, created_date, delivery_address, status, notes, used_point, used_at, payment_method, user_id) VALUES (81, 30000, 5928446, '2025-02-15', '249 Lý Thái Tổ, Quận 10, TP.HCM', 'CONFIRMED', NULL, 172, '2025-02-15', 'CASH_ON_DELIVERY', 7);
INSERT INTO orders (id, payment_fee, total_price, created_date, delivery_address, status, notes, used_point, used_at, payment_method, user_id) VALUES (82, 30000, 75669208, '2025-02-26', '321 Cách Mạng Tháng 8, Quận 3, TP.HCM', 'CANCELLED', NULL, 383, '2025-02-26', 'ONLINE_BANKING', 47);
INSERT INTO orders (id, payment_fee, total_price, created_date, delivery_address, status, notes, used_point, used_at, payment_method, user_id) VALUES (83, 30000, 27255803, '2025-01-13', '612 Cộng Hòa, Tân Bình, TP.HCM', 'SHIPPED', 'Giao hàng nhanh', 319, '2025-01-13', 'CASH_ON_DELIVERY', 48);
INSERT INTO orders (id, payment_fee, total_price, created_date, delivery_address, status, notes, used_point, used_at, payment_method, user_id) VALUES (84, 25000, 22841685, '2025-01-28', '609 Lý Thái Tổ, Quận 10, TP.HCM', 'PROCESSING', 'Giao giờ hành chính', 118, '2025-01-28', 'ONLINE_BANKING', 34);
INSERT INTO orders (id, payment_fee, total_price, created_date, delivery_address, status, notes, used_point, used_at, payment_method, user_id) VALUES (85, 25000, 16522267, '2025-02-07', '129 Cách Mạng Tháng 8, Quận 3, TP.HCM', 'PROCESSING', 'Giao hàng nhanh', 153, '2025-02-07', 'ONLINE_BANKING', 52);
INSERT INTO orders (id, payment_fee, total_price, created_date, delivery_address, status, notes, used_point, used_at, payment_method, user_id) VALUES (86, 25000, 42041277, '2025-01-18', '950 Pasteur, Quận 1, TP.HCM', 'PENDING', 'Để ở bảo vệ', 124, '2025-01-18', 'CASH_ON_DELIVERY', 49);
INSERT INTO orders (id, payment_fee, total_price, created_date, delivery_address, status, notes, used_point, used_at, payment_method, user_id) VALUES (87, 30000, 13606704, '2025-02-21', '967 Lý Thái Tổ, Quận 10, TP.HCM', 'PROCESSING', NULL, 0, NULL, 'ONLINE_BANKING', 15);
INSERT INTO orders (id, payment_fee, total_price, created_date, delivery_address, status, notes, used_point, used_at, payment_method, user_id) VALUES (88, 30000, 31032757, '2025-02-27', '572 Nguyễn Văn Cừ, Quận 5, TP.HCM', 'DELIVERED', NULL, 116, '2025-02-27', 'CASH_ON_DELIVERY', 14);
INSERT INTO orders (id, payment_fee, total_price, created_date, delivery_address, status, notes, used_point, used_at, payment_method, user_id) VALUES (89, 25000, 35936574, '2025-02-25', '175 Hai Bà Trưng, Quận 3, TP.HCM', 'PROCESSING', 'Để ở bảo vệ', 441, '2025-02-25', 'CASH_ON_DELIVERY', 10);
INSERT INTO orders (id, payment_fee, total_price, created_date, delivery_address, status, notes, used_point, used_at, payment_method, user_id) VALUES (90, 30000, 56010031, '2025-01-26', '966 Trần Quốc Toản, Quận 3, TP.HCM', 'PROCESSING', 'Giao hàng nhanh', 201, '2025-01-26', 'CASH_ON_DELIVERY', 44);
INSERT INTO orders (id, payment_fee, total_price, created_date, delivery_address, status, notes, used_point, used_at, payment_method, user_id) VALUES (91, 30000, 56456334, '2025-02-18', '32 Xa lộ Hà Nội, Quận 2, TP.HCM', 'DELIVERED', NULL, 0, NULL, 'ONLINE_BANKING', 11);
INSERT INTO orders (id, payment_fee, total_price, created_date, delivery_address, status, notes, used_point, used_at, payment_method, user_id) VALUES (92, 25000, 23648468, '2025-02-03', '829 Trần Hưng Đạo, Quận 5, TP.HCM', 'PENDING', 'Giao giờ hành chính', 0, NULL, 'CASH_ON_DELIVERY', 31);
INSERT INTO orders (id, payment_fee, total_price, created_date, delivery_address, status, notes, used_point, used_at, payment_method, user_id) VALUES (93, 30000, 61524295, '2025-02-25', '460 Hoàng Văn Thụ, Tân Bình, TP.HCM', 'PROCESSING', NULL, 283, '2025-02-25', 'ONLINE_BANKING', 37);
INSERT INTO orders (id, payment_fee, total_price, created_date, delivery_address, status, notes, used_point, used_at, payment_method, user_id) VALUES (94, 25000, 9092883, '2025-02-19', '917 Lê Lợi, Quận 1, TP.HCM', 'SHIPPED', 'Giao hàng nhanh', 0, NULL, 'ONLINE_BANKING', 38);
INSERT INTO orders (id, payment_fee, total_price, created_date, delivery_address, status, notes, used_point, used_at, payment_method, user_id) VALUES (95, 25000, 54909786, '2025-01-25', '950 Pasteur, Quận 1, TP.HCM', 'PROCESSING', 'Để ở bảo vệ', 120, '2025-01-25', 'CASH_ON_DELIVERY', 49);
INSERT INTO orders (id, payment_fee, total_price, created_date, delivery_address, status, notes, used_point, used_at, payment_method, user_id) VALUES (96, 30000, 11763702, '2025-01-19', '648 Lý Chính Thắng, Quận 3, TP.HCM', 'DELIVERED', 'Giao hàng nhanh', 426, '2025-01-19', 'CASH_ON_DELIVERY', 16);
INSERT INTO orders (id, payment_fee, total_price, created_date, delivery_address, status, notes, used_point, used_at, payment_method, user_id) VALUES (97, 30000, 30006006, '2025-02-22', '826 Nguyễn Trãi, Quận 5, TP.HCM', 'PROCESSING', NULL, 0, NULL, 'ONLINE_BANKING', 19);
INSERT INTO orders (id, payment_fee, total_price, created_date, delivery_address, status, notes, used_point, used_at, payment_method, user_id) VALUES (98, 30000, 10176664, '2025-01-07', '195 Hoàng Diệu, Quận 4, TP.HCM', 'DELIVERED', 'Gọi trước khi giao', 0, NULL, 'CASH_ON_DELIVERY', 27);
INSERT INTO orders (id, payment_fee, total_price, created_date, delivery_address, status, notes, used_point, used_at, payment_method, user_id) VALUES (99, 25000, 26855112, '2025-02-24', '605 Lý Thái Tổ, Quận 10, TP.HCM', 'PROCESSING', 'Để ở bảo vệ', 0, NULL, 'CASH_ON_DELIVERY', 46);
INSERT INTO orders (id, payment_fee, total_price, created_date, delivery_address, status, notes, used_point, used_at, payment_method, user_id) VALUES (100, 25000, 33557308, '2025-01-04', '171 Cộng Hòa, Tân Bình, TP.HCM', 'SHIPPED', 'Để ở bảo vệ', 206, '2025-01-04', 'ONLINE_BANKING', 43);

-- ============================================
-- ORDER_DETAILS
-- ============================================
INSERT INTO order_details (id, amount, unit_price, order_id, product_id) VALUES (1, 3, 4482828, 1, 22);
INSERT INTO order_details (id, amount, unit_price, order_id, product_id) VALUES (2, 3, 4907528, 1, 64);
INSERT INTO order_details (id, amount, unit_price, order_id, product_id) VALUES (3, 1, 6891201, 1, 152);
INSERT INTO order_details (id, amount, unit_price, order_id, product_id) VALUES (4, 3, 4591948, 2, 126);
INSERT INTO order_details (id, amount, unit_price, order_id, product_id) VALUES (5, 1, 4002751, 2, 1);
INSERT INTO order_details (id, amount, unit_price, order_id, product_id) VALUES (6, 2, 5372095, 2, 40);
INSERT INTO order_details (id, amount, unit_price, order_id, product_id) VALUES (7, 2, 6866416, 2, 95);
INSERT INTO order_details (id, amount, unit_price, order_id, product_id) VALUES (8, 1, 2111310, 3, 157);
INSERT INTO order_details (id, amount, unit_price, order_id, product_id) VALUES (9, 1, 6063515, 3, 47);
INSERT INTO order_details (id, amount, unit_price, order_id, product_id) VALUES (10, 3, 4970526, 3, 56);
INSERT INTO order_details (id, amount, unit_price, order_id, product_id) VALUES (11, 1, 193679, 3, 16);
INSERT INTO order_details (id, amount, unit_price, order_id, product_id) VALUES (12, 3, 2853472, 4, 71);
INSERT INTO order_details (id, amount, unit_price, order_id, product_id) VALUES (13, 2, 444815, 5, 211);
INSERT INTO order_details (id, amount, unit_price, order_id, product_id) VALUES (14, 3, 6007841, 5, 226);
INSERT INTO order_details (id, amount, unit_price, order_id, product_id) VALUES (15, 3, 1407963, 6, 250);
INSERT INTO order_details (id, amount, unit_price, order_id, product_id) VALUES (16, 2, 8123148, 6, 172);
INSERT INTO order_details (id, amount, unit_price, order_id, product_id) VALUES (17, 2, 4099295, 6, 107);
INSERT INTO order_details (id, amount, unit_price, order_id, product_id) VALUES (18, 3, 2428173, 7, 252);
INSERT INTO order_details (id, amount, unit_price, order_id, product_id) VALUES (19, 1, 7704183, 7, 173);
INSERT INTO order_details (id, amount, unit_price, order_id, product_id) VALUES (20, 3, 3228476, 7, 260);
INSERT INTO order_details (id, amount, unit_price, order_id, product_id) VALUES (21, 3, 5827769, 7, 215);
INSERT INTO order_details (id, amount, unit_price, order_id, product_id) VALUES (22, 1, 3642993, 8, 261);
INSERT INTO order_details (id, amount, unit_price, order_id, product_id) VALUES (23, 2, 9825300, 8, 11);
INSERT INTO order_details (id, amount, unit_price, order_id, product_id) VALUES (24, 1, 3903631, 8, 63);
INSERT INTO order_details (id, amount, unit_price, order_id, product_id) VALUES (25, 1, 8504363, 8, 241);
INSERT INTO order_details (id, amount, unit_price, order_id, product_id) VALUES (26, 3, 1169586, 9, 65);
INSERT INTO order_details (id, amount, unit_price, order_id, product_id) VALUES (27, 3, 4617438, 9, 130);
INSERT INTO order_details (id, amount, unit_price, order_id, product_id) VALUES (28, 3, 339399, 9, 49);
INSERT INTO order_details (id, amount, unit_price, order_id, product_id) VALUES (29, 1, 2139904, 9, 28);
INSERT INTO order_details (id, amount, unit_price, order_id, product_id) VALUES (30, 1, 1676521, 10, 211);
INSERT INTO order_details (id, amount, unit_price, order_id, product_id) VALUES (31, 1, 2135035, 10, 186);
INSERT INTO order_details (id, amount, unit_price, order_id, product_id) VALUES (32, 3, 1647382, 10, 148);
INSERT INTO order_details (id, amount, unit_price, order_id, product_id) VALUES (33, 2, 4935086, 11, 172);
INSERT INTO order_details (id, amount, unit_price, order_id, product_id) VALUES (34, 1, 9012082, 12, 212);
INSERT INTO order_details (id, amount, unit_price, order_id, product_id) VALUES (35, 3, 4735141, 12, 117);
INSERT INTO order_details (id, amount, unit_price, order_id, product_id) VALUES (36, 2, 5208415, 12, 222);
INSERT INTO order_details (id, amount, unit_price, order_id, product_id) VALUES (37, 1, 131834, 12, 188);
INSERT INTO order_details (id, amount, unit_price, order_id, product_id) VALUES (38, 1, 8527631, 13, 273);
INSERT INTO order_details (id, amount, unit_price, order_id, product_id) VALUES (39, 1, 7884221, 13, 83);
INSERT INTO order_details (id, amount, unit_price, order_id, product_id) VALUES (40, 1, 5287476, 14, 114);
INSERT INTO order_details (id, amount, unit_price, order_id, product_id) VALUES (41, 1, 1054238, 14, 108);
INSERT INTO order_details (id, amount, unit_price, order_id, product_id) VALUES (42, 2, 9514552, 14, 255);
INSERT INTO order_details (id, amount, unit_price, order_id, product_id) VALUES (43, 3, 7486756, 14, 70);
INSERT INTO order_details (id, amount, unit_price, order_id, product_id) VALUES (44, 2, 6920310, 15, 261);
INSERT INTO order_details (id, amount, unit_price, order_id, product_id) VALUES (45, 3, 5484594, 16, 14);
INSERT INTO order_details (id, amount, unit_price, order_id, product_id) VALUES (46, 2, 601619, 16, 14);
INSERT INTO order_details (id, amount, unit_price, order_id, product_id) VALUES (47, 2, 2016361, 16, 254);
INSERT INTO order_details (id, amount, unit_price, order_id, product_id) VALUES (48, 1, 8687075, 17, 107);
INSERT INTO order_details (id, amount, unit_price, order_id, product_id) VALUES (49, 1, 6250068, 17, 238);
INSERT INTO order_details (id, amount, unit_price, order_id, product_id) VALUES (50, 1, 4603141, 17, 149);
INSERT INTO order_details (id, amount, unit_price, order_id, product_id) VALUES (51, 1, 3455791, 17, 172);
INSERT INTO order_details (id, amount, unit_price, order_id, product_id) VALUES (52, 3, 6918315, 18, 221);
INSERT INTO order_details (id, amount, unit_price, order_id, product_id) VALUES (53, 1, 6663837, 18, 37);
INSERT INTO order_details (id, amount, unit_price, order_id, product_id) VALUES (54, 2, 3736348, 18, 153);
INSERT INTO order_details (id, amount, unit_price, order_id, product_id) VALUES (55, 3, 9872058, 19, 33);
INSERT INTO order_details (id, amount, unit_price, order_id, product_id) VALUES (56, 2, 9313305, 19, 43);
INSERT INTO order_details (id, amount, unit_price, order_id, product_id) VALUES (57, 1, 5925247, 20, 114);
INSERT INTO order_details (id, amount, unit_price, order_id, product_id) VALUES (58, 3, 7906653, 20, 123);
INSERT INTO order_details (id, amount, unit_price, order_id, product_id) VALUES (59, 2, 2089913, 20, 226);
INSERT INTO order_details (id, amount, unit_price, order_id, product_id) VALUES (60, 3, 6986473, 20, 270);
INSERT INTO order_details (id, amount, unit_price, order_id, product_id) VALUES (61, 3, 3758986, 21, 96);
INSERT INTO order_details (id, amount, unit_price, order_id, product_id) VALUES (62, 2, 1151159, 22, 219);
INSERT INTO order_details (id, amount, unit_price, order_id, product_id) VALUES (63, 1, 8448156, 22, 267);
INSERT INTO order_details (id, amount, unit_price, order_id, product_id) VALUES (64, 1, 4240811, 22, 79);
INSERT INTO order_details (id, amount, unit_price, order_id, product_id) VALUES (65, 3, 7055440, 23, 16);
INSERT INTO order_details (id, amount, unit_price, order_id, product_id) VALUES (66, 3, 8100354, 24, 6);
INSERT INTO order_details (id, amount, unit_price, order_id, product_id) VALUES (67, 3, 2860866, 25, 30);
INSERT INTO order_details (id, amount, unit_price, order_id, product_id) VALUES (68, 2, 8214581, 26, 261);
INSERT INTO order_details (id, amount, unit_price, order_id, product_id) VALUES (69, 1, 3103705, 27, 129);
INSERT INTO order_details (id, amount, unit_price, order_id, product_id) VALUES (70, 3, 6119434, 28, 200);
INSERT INTO order_details (id, amount, unit_price, order_id, product_id) VALUES (71, 3, 8373735, 28, 165);
INSERT INTO order_details (id, amount, unit_price, order_id, product_id) VALUES (72, 1, 2772381, 29, 37);
INSERT INTO order_details (id, amount, unit_price, order_id, product_id) VALUES (73, 1, 6983236, 29, 229);
INSERT INTO order_details (id, amount, unit_price, order_id, product_id) VALUES (74, 2, 940895, 29, 169);
INSERT INTO order_details (id, amount, unit_price, order_id, product_id) VALUES (75, 3, 1217634, 29, 197);
INSERT INTO order_details (id, amount, unit_price, order_id, product_id) VALUES (76, 1, 1110631, 30, 99);
INSERT INTO order_details (id, amount, unit_price, order_id, product_id) VALUES (77, 1, 10065596, 31, 188);
INSERT INTO order_details (id, amount, unit_price, order_id, product_id) VALUES (78, 3, 3966268, 31, 138);
INSERT INTO order_details (id, amount, unit_price, order_id, product_id) VALUES (79, 1, 4660124, 31, 167);
INSERT INTO order_details (id, amount, unit_price, order_id, product_id) VALUES (80, 3, 7749863, 32, 90);
INSERT INTO order_details (id, amount, unit_price, order_id, product_id) VALUES (81, 2, 8189567, 32, 216);
INSERT INTO order_details (id, amount, unit_price, order_id, product_id) VALUES (82, 2, 8600993, 33, 98);
INSERT INTO order_details (id, amount, unit_price, order_id, product_id) VALUES (83, 3, 570944, 33, 76);
INSERT INTO order_details (id, amount, unit_price, order_id, product_id) VALUES (84, 3, 2913191, 33, 119);
INSERT INTO order_details (id, amount, unit_price, order_id, product_id) VALUES (85, 1, 2918980, 33, 140);
INSERT INTO order_details (id, amount, unit_price, order_id, product_id) VALUES (86, 3, 5883864, 34, 170);
INSERT INTO order_details (id, amount, unit_price, order_id, product_id) VALUES (87, 3, 4028809, 34, 235);
INSERT INTO order_details (id, amount, unit_price, order_id, product_id) VALUES (88, 1, 1110845, 34, 132);
INSERT INTO order_details (id, amount, unit_price, order_id, product_id) VALUES (89, 2, 9053444, 34, 241);
INSERT INTO order_details (id, amount, unit_price, order_id, product_id) VALUES (90, 3, 2401843, 35, 211);
INSERT INTO order_details (id, amount, unit_price, order_id, product_id) VALUES (91, 3, 8161886, 35, 191);
INSERT INTO order_details (id, amount, unit_price, order_id, product_id) VALUES (92, 3, 7460898, 35, 249);
INSERT INTO order_details (id, amount, unit_price, order_id, product_id) VALUES (93, 1, 2782784, 36, 183);
INSERT INTO order_details (id, amount, unit_price, order_id, product_id) VALUES (94, 1, 2659051, 37, 65);
INSERT INTO order_details (id, amount, unit_price, order_id, product_id) VALUES (95, 2, 6432955, 37, 30);
INSERT INTO order_details (id, amount, unit_price, order_id, product_id) VALUES (96, 2, 2657012, 37, 263);
INSERT INTO order_details (id, amount, unit_price, order_id, product_id) VALUES (97, 1, 545156, 37, 271);
INSERT INTO order_details (id, amount, unit_price, order_id, product_id) VALUES (98, 3, 2949017, 38, 42);
INSERT INTO order_details (id, amount, unit_price, order_id, product_id) VALUES (99, 3, 5316185, 38, 57);
INSERT INTO order_details (id, amount, unit_price, order_id, product_id) VALUES (100, 2, 7508070, 39, 97);
INSERT INTO order_details (id, amount, unit_price, order_id, product_id) VALUES (101, 3, 3322887, 40, 96);
INSERT INTO order_details (id, amount, unit_price, order_id, product_id) VALUES (102, 3, 2899967, 41, 90);
INSERT INTO order_details (id, amount, unit_price, order_id, product_id) VALUES (103, 2, 8440212, 41, 110);
INSERT INTO order_details (id, amount, unit_price, order_id, product_id) VALUES (104, 2, 4635856, 41, 244);
INSERT INTO order_details (id, amount, unit_price, order_id, product_id) VALUES (105, 2, 5153071, 42, 229);
INSERT INTO order_details (id, amount, unit_price, order_id, product_id) VALUES (106, 1, 7736419, 42, 52);
INSERT INTO order_details (id, amount, unit_price, order_id, product_id) VALUES (107, 3, 8782369, 43, 143);
INSERT INTO order_details (id, amount, unit_price, order_id, product_id) VALUES (108, 1, 6100979, 43, 92);
INSERT INTO order_details (id, amount, unit_price, order_id, product_id) VALUES (109, 1, 8688252, 43, 273);
INSERT INTO order_details (id, amount, unit_price, order_id, product_id) VALUES (110, 3, 833773, 43, 223);
INSERT INTO order_details (id, amount, unit_price, order_id, product_id) VALUES (111, 1, 3370670, 44, 40);
INSERT INTO order_details (id, amount, unit_price, order_id, product_id) VALUES (112, 2, 4454145, 45, 170);
INSERT INTO order_details (id, amount, unit_price, order_id, product_id) VALUES (113, 2, 9945565, 45, 151);
INSERT INTO order_details (id, amount, unit_price, order_id, product_id) VALUES (114, 3, 4528381, 46, 26);
INSERT INTO order_details (id, amount, unit_price, order_id, product_id) VALUES (115, 1, 5566436, 47, 199);
INSERT INTO order_details (id, amount, unit_price, order_id, product_id) VALUES (116, 2, 298090, 47, 8);
INSERT INTO order_details (id, amount, unit_price, order_id, product_id) VALUES (117, 1, 4185158, 48, 63);
INSERT INTO order_details (id, amount, unit_price, order_id, product_id) VALUES (118, 3, 4661405, 49, 84);
INSERT INTO order_details (id, amount, unit_price, order_id, product_id) VALUES (119, 3, 4430771, 50, 234);
INSERT INTO order_details (id, amount, unit_price, order_id, product_id) VALUES (120, 1, 3585120, 50, 223);
INSERT INTO order_details (id, amount, unit_price, order_id, product_id) VALUES (121, 2, 689721, 51, 48);
INSERT INTO order_details (id, amount, unit_price, order_id, product_id) VALUES (122, 2, 8608544, 52, 54);
INSERT INTO order_details (id, amount, unit_price, order_id, product_id) VALUES (123, 1, 3403068, 52, 101);
INSERT INTO order_details (id, amount, unit_price, order_id, product_id) VALUES (124, 3, 2769868, 52, 106);
INSERT INTO order_details (id, amount, unit_price, order_id, product_id) VALUES (125, 1, 4316277, 53, 6);
INSERT INTO order_details (id, amount, unit_price, order_id, product_id) VALUES (126, 2, 8682884, 53, 17);
INSERT INTO order_details (id, amount, unit_price, order_id, product_id) VALUES (127, 2, 3937676, 54, 188);
INSERT INTO order_details (id, amount, unit_price, order_id, product_id) VALUES (128, 1, 6902867, 54, 153);
INSERT INTO order_details (id, amount, unit_price, order_id, product_id) VALUES (129, 2, 1223156, 54, 130);
INSERT INTO order_details (id, amount, unit_price, order_id, product_id) VALUES (130, 1, 5372715, 54, 237);
INSERT INTO order_details (id, amount, unit_price, order_id, product_id) VALUES (131, 2, 5510659, 55, 45);
INSERT INTO order_details (id, amount, unit_price, order_id, product_id) VALUES (132, 2, 7837116, 55, 203);
INSERT INTO order_details (id, amount, unit_price, order_id, product_id) VALUES (133, 2, 4273160, 55, 272);
INSERT INTO order_details (id, amount, unit_price, order_id, product_id) VALUES (134, 3, 9465624, 56, 62);
INSERT INTO order_details (id, amount, unit_price, order_id, product_id) VALUES (135, 1, 3817070, 57, 45);
INSERT INTO order_details (id, amount, unit_price, order_id, product_id) VALUES (136, 1, 4034276, 57, 181);
INSERT INTO order_details (id, amount, unit_price, order_id, product_id) VALUES (137, 3, 6464476, 57, 243);
INSERT INTO order_details (id, amount, unit_price, order_id, product_id) VALUES (138, 3, 2088587, 57, 263);
INSERT INTO order_details (id, amount, unit_price, order_id, product_id) VALUES (139, 3, 1640864, 58, 144);
INSERT INTO order_details (id, amount, unit_price, order_id, product_id) VALUES (140, 1, 1382060, 58, 211);
INSERT INTO order_details (id, amount, unit_price, order_id, product_id) VALUES (141, 1, 6749042, 58, 246);
INSERT INTO order_details (id, amount, unit_price, order_id, product_id) VALUES (142, 3, 427630, 58, 183);
INSERT INTO order_details (id, amount, unit_price, order_id, product_id) VALUES (143, 2, 4456652, 59, 41);
INSERT INTO order_details (id, amount, unit_price, order_id, product_id) VALUES (144, 1, 6492448, 60, 215);
INSERT INTO order_details (id, amount, unit_price, order_id, product_id) VALUES (145, 1, 2596338, 60, 193);
INSERT INTO order_details (id, amount, unit_price, order_id, product_id) VALUES (146, 2, 4934303, 60, 152);
INSERT INTO order_details (id, amount, unit_price, order_id, product_id) VALUES (147, 1, 8364707, 61, 186);
INSERT INTO order_details (id, amount, unit_price, order_id, product_id) VALUES (148, 2, 2909477, 62, 69);
INSERT INTO order_details (id, amount, unit_price, order_id, product_id) VALUES (149, 2, 9968952, 62, 8);
INSERT INTO order_details (id, amount, unit_price, order_id, product_id) VALUES (150, 1, 2360443, 63, 230);
INSERT INTO order_details (id, amount, unit_price, order_id, product_id) VALUES (151, 1, 6693366, 63, 155);
INSERT INTO order_details (id, amount, unit_price, order_id, product_id) VALUES (152, 3, 3418666, 63, 65);
INSERT INTO order_details (id, amount, unit_price, order_id, product_id) VALUES (153, 1, 4911895, 63, 273);
INSERT INTO order_details (id, amount, unit_price, order_id, product_id) VALUES (154, 3, 2595288, 64, 232);
INSERT INTO order_details (id, amount, unit_price, order_id, product_id) VALUES (155, 2, 9280946, 65, 137);
INSERT INTO order_details (id, amount, unit_price, order_id, product_id) VALUES (156, 2, 3534747, 65, 113);
INSERT INTO order_details (id, amount, unit_price, order_id, product_id) VALUES (157, 3, 4415451, 65, 240);
INSERT INTO order_details (id, amount, unit_price, order_id, product_id) VALUES (158, 3, 1618595, 66, 229);
INSERT INTO order_details (id, amount, unit_price, order_id, product_id) VALUES (159, 1, 3849664, 66, 192);
INSERT INTO order_details (id, amount, unit_price, order_id, product_id) VALUES (160, 2, 9629457, 66, 138);
INSERT INTO order_details (id, amount, unit_price, order_id, product_id) VALUES (161, 2, 4866899, 67, 159);
INSERT INTO order_details (id, amount, unit_price, order_id, product_id) VALUES (162, 1, 9680650, 67, 156);
INSERT INTO order_details (id, amount, unit_price, order_id, product_id) VALUES (163, 2, 923832, 68, 25);
INSERT INTO order_details (id, amount, unit_price, order_id, product_id) VALUES (164, 1, 7836900, 68, 260);
INSERT INTO order_details (id, amount, unit_price, order_id, product_id) VALUES (165, 1, 3933434, 69, 123);
INSERT INTO order_details (id, amount, unit_price, order_id, product_id) VALUES (166, 1, 3551369, 69, 241);
INSERT INTO order_details (id, amount, unit_price, order_id, product_id) VALUES (167, 2, 3779263, 69, 35);
INSERT INTO order_details (id, amount, unit_price, order_id, product_id) VALUES (168, 3, 3128220, 70, 238);
INSERT INTO order_details (id, amount, unit_price, order_id, product_id) VALUES (169, 2, 8199634, 70, 221);
INSERT INTO order_details (id, amount, unit_price, order_id, product_id) VALUES (170, 1, 3236848, 70, 114);
INSERT INTO order_details (id, amount, unit_price, order_id, product_id) VALUES (171, 3, 5306460, 70, 33);
INSERT INTO order_details (id, amount, unit_price, order_id, product_id) VALUES (172, 3, 5460444, 71, 126);
INSERT INTO order_details (id, amount, unit_price, order_id, product_id) VALUES (173, 1, 5973135, 72, 5);
INSERT INTO order_details (id, amount, unit_price, order_id, product_id) VALUES (174, 3, 4985811, 72, 119);
INSERT INTO order_details (id, amount, unit_price, order_id, product_id) VALUES (175, 1, 4401236, 73, 148);
INSERT INTO order_details (id, amount, unit_price, order_id, product_id) VALUES (176, 3, 3201667, 74, 101);
INSERT INTO order_details (id, amount, unit_price, order_id, product_id) VALUES (177, 1, 9460372, 74, 134);
INSERT INTO order_details (id, amount, unit_price, order_id, product_id) VALUES (178, 1, 9956738, 75, 249);
INSERT INTO order_details (id, amount, unit_price, order_id, product_id) VALUES (179, 2, 5323766, 75, 169);
INSERT INTO order_details (id, amount, unit_price, order_id, product_id) VALUES (180, 1, 1133461, 75, 80);
INSERT INTO order_details (id, amount, unit_price, order_id, product_id) VALUES (181, 2, 9392472, 75, 112);
INSERT INTO order_details (id, amount, unit_price, order_id, product_id) VALUES (182, 3, 2759083, 76, 14);
INSERT INTO order_details (id, amount, unit_price, order_id, product_id) VALUES (183, 2, 4054556, 76, 176);
INSERT INTO order_details (id, amount, unit_price, order_id, product_id) VALUES (184, 2, 9840359, 77, 18);
INSERT INTO order_details (id, amount, unit_price, order_id, product_id) VALUES (185, 2, 2300363, 77, 33);
INSERT INTO order_details (id, amount, unit_price, order_id, product_id) VALUES (186, 1, 2752485, 77, 98);
INSERT INTO order_details (id, amount, unit_price, order_id, product_id) VALUES (187, 1, 8814460, 78, 67);
INSERT INTO order_details (id, amount, unit_price, order_id, product_id) VALUES (188, 2, 617835, 78, 250);
INSERT INTO order_details (id, amount, unit_price, order_id, product_id) VALUES (189, 2, 9182905, 78, 22);
INSERT INTO order_details (id, amount, unit_price, order_id, product_id) VALUES (190, 1, 2599362, 78, 17);
INSERT INTO order_details (id, amount, unit_price, order_id, product_id) VALUES (191, 1, 3392618, 79, 247);
INSERT INTO order_details (id, amount, unit_price, order_id, product_id) VALUES (192, 3, 4520522, 79, 207);
INSERT INTO order_details (id, amount, unit_price, order_id, product_id) VALUES (193, 3, 7281635, 79, 226);
INSERT INTO order_details (id, amount, unit_price, order_id, product_id) VALUES (194, 3, 5038765, 79, 47);
INSERT INTO order_details (id, amount, unit_price, order_id, product_id) VALUES (195, 1, 10082268, 80, 101);
INSERT INTO order_details (id, amount, unit_price, order_id, product_id) VALUES (196, 3, 3493371, 80, 37);
INSERT INTO order_details (id, amount, unit_price, order_id, product_id) VALUES (197, 1, 5161349, 80, 103);
INSERT INTO order_details (id, amount, unit_price, order_id, product_id) VALUES (198, 1, 1992865, 81, 117);
INSERT INTO order_details (id, amount, unit_price, order_id, product_id) VALUES (199, 2, 1068441, 81, 41);
INSERT INTO order_details (id, amount, unit_price, order_id, product_id) VALUES (200, 1, 1768699, 81, 231);
INSERT INTO order_details (id, amount, unit_price, order_id, product_id) VALUES (201, 2, 9731777, 82, 96);
INSERT INTO order_details (id, amount, unit_price, order_id, product_id) VALUES (202, 3, 1887583, 82, 202);
INSERT INTO order_details (id, amount, unit_price, order_id, product_id) VALUES (203, 3, 8953304, 82, 230);
INSERT INTO order_details (id, amount, unit_price, order_id, product_id) VALUES (204, 3, 7884331, 82, 154);
INSERT INTO order_details (id, amount, unit_price, order_id, product_id) VALUES (205, 2, 8584806, 83, 10);
INSERT INTO order_details (id, amount, unit_price, order_id, product_id) VALUES (206, 1, 1133792, 83, 131);
INSERT INTO order_details (id, amount, unit_price, order_id, product_id) VALUES (207, 1, 8922399, 83, 137);
INSERT INTO order_details (id, amount, unit_price, order_id, product_id) VALUES (208, 3, 1067180, 84, 119);
INSERT INTO order_details (id, amount, unit_price, order_id, product_id) VALUES (209, 3, 4108142, 84, 129);
INSERT INTO order_details (id, amount, unit_price, order_id, product_id) VALUES (210, 1, 2375730, 84, 250);
INSERT INTO order_details (id, amount, unit_price, order_id, product_id) VALUES (211, 1, 4914989, 84, 64);
INSERT INTO order_details (id, amount, unit_price, order_id, product_id) VALUES (212, 3, 5499089, 85, 97);
INSERT INTO order_details (id, amount, unit_price, order_id, product_id) VALUES (213, 2, 5375761, 86, 219);
INSERT INTO order_details (id, amount, unit_price, order_id, product_id) VALUES (214, 2, 3538647, 86, 235);
INSERT INTO order_details (id, amount, unit_price, order_id, product_id) VALUES (215, 3, 8062487, 86, 108);
INSERT INTO order_details (id, amount, unit_price, order_id, product_id) VALUES (216, 3, 4525568, 87, 78);
INSERT INTO order_details (id, amount, unit_price, order_id, product_id) VALUES (217, 2, 728953, 88, 61);
INSERT INTO order_details (id, amount, unit_price, order_id, product_id) VALUES (218, 1, 7488692, 88, 249);
INSERT INTO order_details (id, amount, unit_price, order_id, product_id) VALUES (219, 3, 7352053, 88, 209);
INSERT INTO order_details (id, amount, unit_price, order_id, product_id) VALUES (220, 2, 2510297, 89, 194);
INSERT INTO order_details (id, amount, unit_price, order_id, product_id) VALUES (221, 3, 9236033, 89, 56);
INSERT INTO order_details (id, amount, unit_price, order_id, product_id) VALUES (222, 1, 3182881, 89, 246);
INSERT INTO order_details (id, amount, unit_price, order_id, product_id) VALUES (223, 2, 9495150, 90, 184);
INSERT INTO order_details (id, amount, unit_price, order_id, product_id) VALUES (224, 2, 9089807, 90, 31);
INSERT INTO order_details (id, amount, unit_price, order_id, product_id) VALUES (225, 3, 6270039, 90, 204);
INSERT INTO order_details (id, amount, unit_price, order_id, product_id) VALUES (226, 3, 9417197, 91, 191);
INSERT INTO order_details (id, amount, unit_price, order_id, product_id) VALUES (227, 3, 9391581, 91, 261);
INSERT INTO order_details (id, amount, unit_price, order_id, product_id) VALUES (228, 1, 1960444, 92, 5);
INSERT INTO order_details (id, amount, unit_price, order_id, product_id) VALUES (229, 3, 7221008, 92, 121);
INSERT INTO order_details (id, amount, unit_price, order_id, product_id) VALUES (230, 1, 3306129, 93, 181);
INSERT INTO order_details (id, amount, unit_price, order_id, product_id) VALUES (231, 2, 9991436, 93, 214);
INSERT INTO order_details (id, amount, unit_price, order_id, product_id) VALUES (232, 3, 6210850, 93, 140);
INSERT INTO order_details (id, amount, unit_price, order_id, product_id) VALUES (233, 2, 9786372, 93, 266);
INSERT INTO order_details (id, amount, unit_price, order_id, product_id) VALUES (234, 1, 9067883, 94, 95);
INSERT INTO order_details (id, amount, unit_price, order_id, product_id) VALUES (235, 1, 7691884, 95, 50);
INSERT INTO order_details (id, amount, unit_price, order_id, product_id) VALUES (236, 3, 7785049, 95, 211);
INSERT INTO order_details (id, amount, unit_price, order_id, product_id) VALUES (237, 1, 4058871, 95, 29);
INSERT INTO order_details (id, amount, unit_price, order_id, product_id) VALUES (238, 2, 9889442, 95, 22);
INSERT INTO order_details (id, amount, unit_price, order_id, product_id) VALUES (239, 1, 4067728, 96, 202);
INSERT INTO order_details (id, amount, unit_price, order_id, product_id) VALUES (240, 2, 3832987, 96, 243);
INSERT INTO order_details (id, amount, unit_price, order_id, product_id) VALUES (241, 3, 9992002, 97, 177);
INSERT INTO order_details (id, amount, unit_price, order_id, product_id) VALUES (242, 3, 178005, 98, 225);
INSERT INTO order_details (id, amount, unit_price, order_id, product_id) VALUES (243, 1, 9612649, 98, 66);
INSERT INTO order_details (id, amount, unit_price, order_id, product_id) VALUES (244, 3, 2594658, 99, 155);
INSERT INTO order_details (id, amount, unit_price, order_id, product_id) VALUES (245, 2, 9523069, 99, 248);
INSERT INTO order_details (id, amount, unit_price, order_id, product_id) VALUES (246, 2, 4915687, 100, 124);
INSERT INTO order_details (id, amount, unit_price, order_id, product_id) VALUES (247, 3, 2427630, 100, 97);
INSERT INTO order_details (id, amount, unit_price, order_id, product_id) VALUES (248, 3, 4900848, 100, 25);
INSERT INTO order_details (id, amount, unit_price, order_id, product_id) VALUES (249, 2, 857750, 100, 199);

-- ============================================
-- PRODUCT_REVIEWS
-- ============================================
INSERT INTO product_reviews (id, rating, comment, created_at, product_id) VALUES (1, 5, 'Chất lượng ổn, giá hơi cao', '2025-01-20T18:05:00', 185);
INSERT INTO product_reviews (id, rating, comment, created_at, product_id) VALUES (2, 5, 'Rất hài lòng', '2025-02-21T17:46:00', 236);
INSERT INTO product_reviews (id, rating, comment, created_at, product_id) VALUES (3, 1, 'Giá hơi cao so với chất lượng', '2025-01-06T20:23:00', 64);
INSERT INTO product_reviews (id, rating, comment, created_at, product_id) VALUES (4, 1, 'Chất lượng tuyệt vời', '2025-02-14T11:48:00', 93);
INSERT INTO product_reviews (id, rating, comment, created_at, product_id) VALUES (5, 4, 'Không như kỳ vọng', '2025-02-01T15:59:00', 71);
INSERT INTO product_reviews (id, rating, comment, created_at, product_id) VALUES (6, 4, 'Hoàn hảo!', '2025-01-12T08:47:00', 57);
INSERT INTO product_reviews (id, rating, comment, created_at, product_id) VALUES (7, 1, 'Tuyệt vời, sẽ mua lại!', '2025-02-16T16:36:00', 54);
INSERT INTO product_reviews (id, rating, comment, created_at, product_id) VALUES (8, 3, 'Không như kỳ vọng', '2025-02-01T14:30:00', 126);
INSERT INTO product_reviews (id, rating, comment, created_at, product_id) VALUES (9, 2, 'Rất hài lòng', '2025-01-10T10:31:00', 133);
INSERT INTO product_reviews (id, rating, comment, created_at, product_id) VALUES (10, 5, 'Giá hơi cao so với chất lượng', '2025-02-27T11:57:00', 50);
INSERT INTO product_reviews (id, rating, comment, created_at, product_id) VALUES (11, 2, 'Sẽ giới thiệu cho bạn bè', '2025-02-19T14:15:00', 269);
INSERT INTO product_reviews (id, rating, comment, created_at, product_id) VALUES (12, 4, 'Hoàn hảo!', '2025-02-18T20:58:00', 263);
INSERT INTO product_reviews (id, rating, comment, created_at, product_id) VALUES (13, 2, 'Sản phẩm rất tốt, giao hàng nhanh!', '2025-01-18T08:52:00', 179);
INSERT INTO product_reviews (id, rating, comment, created_at, product_id) VALUES (14, 4, 'Shop phục vụ tốt', '2025-01-10T20:13:00', 218);
INSERT INTO product_reviews (id, rating, comment, created_at, product_id) VALUES (15, 3, 'Giá hơi cao so với chất lượng', '2025-02-10T13:40:00', 7);
INSERT INTO product_reviews (id, rating, comment, created_at, product_id) VALUES (16, 1, 'Giao hàng đúng hẹn', '2025-02-22T12:19:00', 66);
INSERT INTO product_reviews (id, rating, comment, created_at, product_id) VALUES (17, 4, 'Tuyệt vời, sẽ mua lại!', '2025-01-23T19:47:00', 124);
INSERT INTO product_reviews (id, rating, comment, created_at, product_id) VALUES (18, 1, 'Sản phẩm tốt nhưng ship hơi lâu', '2025-02-28T10:03:00', 100);
INSERT INTO product_reviews (id, rating, comment, created_at, product_id) VALUES (19, 2, 'Rất hài lòng', '2025-01-27T18:57:00', 188);
INSERT INTO product_reviews (id, rating, comment, created_at, product_id) VALUES (20, 4, 'Giá cả hợp lý', '2025-01-13T13:12:00', 227);
INSERT INTO product_reviews (id, rating, comment, created_at, product_id) VALUES (21, 3, 'Chất lượng tốt, đóng gói cẩn thận', '2025-02-01T12:38:00', 198);
INSERT INTO product_reviews (id, rating, comment, created_at, product_id) VALUES (22, 5, 'Chất lượng ổn, giá hơi cao', '2025-01-21T19:46:00', 58);
INSERT INTO product_reviews (id, rating, comment, created_at, product_id) VALUES (23, 2, 'Giá hơi cao so với chất lượng', '2025-02-06T18:57:00', 111);
INSERT INTO product_reviews (id, rating, comment, created_at, product_id) VALUES (24, 3, 'Chất lượng vượt mong đợi', '2025-01-26T09:58:00', 72);
INSERT INTO product_reviews (id, rating, comment, created_at, product_id) VALUES (25, 3, 'Chất lượng tuyệt vời', '2025-01-18T10:35:00', 170);
INSERT INTO product_reviews (id, rating, comment, created_at, product_id) VALUES (26, 4, 'Tạm ổn', '2025-01-20T13:22:00', 264);
INSERT INTO product_reviews (id, rating, comment, created_at, product_id) VALUES (27, 5, 'Tốt, nhưng có thể cải thiện packaging', '2025-01-12T11:32:00', 46);
INSERT INTO product_reviews (id, rating, comment, created_at, product_id) VALUES (28, 2, 'Giao hàng đúng hẹn', '2025-02-20T12:34:00', 88);
INSERT INTO product_reviews (id, rating, comment, created_at, product_id) VALUES (29, 5, 'Giá hơi cao so với chất lượng', '2025-01-11T21:58:00', 247);
INSERT INTO product_reviews (id, rating, comment, created_at, product_id) VALUES (30, 5, 'Chất lượng tốt, đóng gói cẩn thận', '2025-02-21T11:09:00', 66);
INSERT INTO product_reviews (id, rating, comment, created_at, product_id) VALUES (31, 1, 'Tạm ổn', '2025-01-23T15:59:00', 98);
INSERT INTO product_reviews (id, rating, comment, created_at, product_id) VALUES (32, 5, 'Giao hàng đúng hẹn', '2025-02-01T16:16:00', 126);
INSERT INTO product_reviews (id, rating, comment, created_at, product_id) VALUES (33, 1, 'Tuyệt vời, sẽ mua lại!', '2025-02-14T09:57:00', 70);
INSERT INTO product_reviews (id, rating, comment, created_at, product_id) VALUES (34, 5, 'Chất lượng tuyệt vời', '2025-02-11T13:47:00', 23);
INSERT INTO product_reviews (id, rating, comment, created_at, product_id) VALUES (35, 4, 'Đáng tiền!', '2025-01-28T12:54:00', 186);
INSERT INTO product_reviews (id, rating, comment, created_at, product_id) VALUES (36, 3, 'Bình thường, không có gì đặc biệt', '2025-02-08T17:47:00', 41);
INSERT INTO product_reviews (id, rating, comment, created_at, product_id) VALUES (37, 2, 'Tuyệt vời, sẽ mua lại!', '2025-01-18T12:46:00', 188);
INSERT INTO product_reviews (id, rating, comment, created_at, product_id) VALUES (38, 3, 'Tốt, nhưng có thể cải thiện packaging', '2025-01-07T15:30:00', 110);
INSERT INTO product_reviews (id, rating, comment, created_at, product_id) VALUES (39, 4, 'Không như kỳ vọng', '2025-01-19T14:09:00', 15);
INSERT INTO product_reviews (id, rating, comment, created_at, product_id) VALUES (40, 1, 'Giá cả hợp lý', '2025-02-14T19:22:00', 216);
INSERT INTO product_reviews (id, rating, comment, created_at, product_id) VALUES (41, 3, 'Bình thường, không có gì đặc biệt', '2025-02-05T09:13:00', 59);
INSERT INTO product_reviews (id, rating, comment, created_at, product_id) VALUES (42, 1, 'Sản phẩm đẹp như hình', '2025-01-12T10:27:00', 77);
INSERT INTO product_reviews (id, rating, comment, created_at, product_id) VALUES (43, 1, 'Sản phẩm rất tốt, giao hàng nhanh!', '2025-02-17T15:27:00', 199);
INSERT INTO product_reviews (id, rating, comment, created_at, product_id) VALUES (44, 4, 'Tạm ổn', '2025-02-19T21:36:00', 10);
INSERT INTO product_reviews (id, rating, comment, created_at, product_id) VALUES (45, 2, 'Giao hàng đúng hẹn', '2025-02-10T10:03:00', 155);
INSERT INTO product_reviews (id, rating, comment, created_at, product_id) VALUES (46, 3, 'Tạm ổn', '2025-01-12T10:33:00', 115);
INSERT INTO product_reviews (id, rating, comment, created_at, product_id) VALUES (47, 4, 'Tốt, nhưng có thể cải thiện packaging', '2025-02-13T15:38:00', 211);
INSERT INTO product_reviews (id, rating, comment, created_at, product_id) VALUES (48, 2, 'Shop phục vụ tốt', '2025-01-03T10:37:00', 254);
INSERT INTO product_reviews (id, rating, comment, created_at, product_id) VALUES (49, 3, 'Giá hơi cao so với chất lượng', '2025-01-18T08:31:00', 253);
INSERT INTO product_reviews (id, rating, comment, created_at, product_id) VALUES (50, 2, 'Giao hàng đúng hẹn', '2025-01-09T17:12:00', 101);
INSERT INTO product_reviews (id, rating, comment, created_at, product_id) VALUES (51, 4, 'Giá hơi cao so với chất lượng', '2025-02-16T11:20:00', 51);
INSERT INTO product_reviews (id, rating, comment, created_at, product_id) VALUES (52, 2, 'Tuyệt vời, sẽ mua lại!', '2025-02-01T11:23:00', 238);
INSERT INTO product_reviews (id, rating, comment, created_at, product_id) VALUES (53, 5, 'Sản phẩm tốt', '2025-02-10T11:34:00', 192);
INSERT INTO product_reviews (id, rating, comment, created_at, product_id) VALUES (54, 2, 'Rất hài lòng', '2025-01-17T10:33:00', 182);
INSERT INTO product_reviews (id, rating, comment, created_at, product_id) VALUES (55, 2, 'Rất đáng mua', '2025-01-15T10:44:00', 17);
INSERT INTO product_reviews (id, rating, comment, created_at, product_id) VALUES (56, 3, 'Sản phẩm tốt nhưng ship hơi lâu', '2025-02-10T11:38:00', 143);
INSERT INTO product_reviews (id, rating, comment, created_at, product_id) VALUES (57, 2, 'Bình thường, không có gì đặc biệt', '2025-01-05T08:07:00', 158);
INSERT INTO product_reviews (id, rating, comment, created_at, product_id) VALUES (58, 3, 'Chất lượng tuyệt vời', '2025-02-14T12:52:00', 68);
INSERT INTO product_reviews (id, rating, comment, created_at, product_id) VALUES (59, 4, 'Cực kỳ hài lòng với sản phẩm!', '2025-01-18T11:17:00', 116);
INSERT INTO product_reviews (id, rating, comment, created_at, product_id) VALUES (60, 5, 'Chất lượng ổn, giá hơi cao', '2025-02-09T21:21:00', 66);
INSERT INTO product_reviews (id, rating, comment, created_at, product_id) VALUES (61, 1, 'Không như kỳ vọng', '2025-01-11T12:36:00', 112);
INSERT INTO product_reviews (id, rating, comment, created_at, product_id) VALUES (62, 5, 'Tạm ổn', '2025-02-02T13:03:00', 228);
INSERT INTO product_reviews (id, rating, comment, created_at, product_id) VALUES (63, 5, 'Sẽ giới thiệu cho bạn bè', '2025-01-24T19:44:00', 115);
INSERT INTO product_reviews (id, rating, comment, created_at, product_id) VALUES (64, 3, 'Sản phẩm như mô tả', '2025-02-22T10:02:00', 100);
INSERT INTO product_reviews (id, rating, comment, created_at, product_id) VALUES (65, 3, 'Sản phẩm tốt', '2025-02-03T16:28:00', 177);
INSERT INTO product_reviews (id, rating, comment, created_at, product_id) VALUES (66, 4, 'Sản phẩm như mô tả', '2025-02-07T17:01:00', 87);
INSERT INTO product_reviews (id, rating, comment, created_at, product_id) VALUES (67, 2, 'Chất lượng tốt, đóng gói cẩn thận', '2025-02-11T10:58:00', 239);
INSERT INTO product_reviews (id, rating, comment, created_at, product_id) VALUES (68, 3, 'Tạm ổn', '2025-01-27T20:18:00', 244);
INSERT INTO product_reviews (id, rating, comment, created_at, product_id) VALUES (69, 4, 'Giao hàng đúng hẹn', '2025-01-15T20:54:00', 46);
INSERT INTO product_reviews (id, rating, comment, created_at, product_id) VALUES (70, 2, 'Tạm ổn', '2025-01-11T15:22:00', 15);
INSERT INTO product_reviews (id, rating, comment, created_at, product_id) VALUES (71, 4, 'Giá cả hợp lý', '2025-02-01T09:00:00', 241);
INSERT INTO product_reviews (id, rating, comment, created_at, product_id) VALUES (72, 5, 'Sản phẩm như mô tả', '2025-01-05T08:45:00', 48);
INSERT INTO product_reviews (id, rating, comment, created_at, product_id) VALUES (73, 3, 'Giá cả hợp lý', '2025-01-11T16:33:00', 6);
INSERT INTO product_reviews (id, rating, comment, created_at, product_id) VALUES (74, 4, 'Chất lượng vượt mong đợi', '2025-01-22T14:23:00', 262);
INSERT INTO product_reviews (id, rating, comment, created_at, product_id) VALUES (75, 5, 'Cực kỳ hài lòng với sản phẩm!', '2025-02-17T15:23:00', 270);
INSERT INTO product_reviews (id, rating, comment, created_at, product_id) VALUES (76, 3, 'Hoàn hảo!', '2025-01-18T17:45:00', 24);
INSERT INTO product_reviews (id, rating, comment, created_at, product_id) VALUES (77, 4, 'Sản phẩm rất tốt, giao hàng nhanh!', '2025-02-17T10:27:00', 53);
INSERT INTO product_reviews (id, rating, comment, created_at, product_id) VALUES (78, 3, 'Tuyệt vời, sẽ mua lại!', '2025-01-11T14:30:00', 152);
INSERT INTO product_reviews (id, rating, comment, created_at, product_id) VALUES (79, 2, 'Giá hơi cao so với chất lượng', '2025-01-01T17:07:00', 5);
INSERT INTO product_reviews (id, rating, comment, created_at, product_id) VALUES (80, 2, 'Chất lượng ổn, giá hơi cao', '2025-02-04T13:37:00', 245);
INSERT INTO product_reviews (id, rating, comment, created_at, product_id) VALUES (81, 1, 'Cực kỳ hài lòng với sản phẩm!', '2025-02-20T11:18:00', 142);
INSERT INTO product_reviews (id, rating, comment, created_at, product_id) VALUES (82, 1, 'Chất lượng ổn, giá hơi cao', '2025-01-03T12:56:00', 144);
INSERT INTO product_reviews (id, rating, comment, created_at, product_id) VALUES (83, 2, 'Rất đáng mua', '2025-02-02T13:54:00', 137);
INSERT INTO product_reviews (id, rating, comment, created_at, product_id) VALUES (84, 5, 'Rất hài lòng', '2025-01-18T18:21:00', 129);
INSERT INTO product_reviews (id, rating, comment, created_at, product_id) VALUES (85, 4, 'Tạm ổn', '2025-01-13T12:45:00', 29);
INSERT INTO product_reviews (id, rating, comment, created_at, product_id) VALUES (86, 2, 'Sản phẩm tốt', '2025-01-20T17:16:00', 30);
INSERT INTO product_reviews (id, rating, comment, created_at, product_id) VALUES (87, 3, 'Giá hơi cao so với chất lượng', '2025-01-03T15:30:00', 48);
INSERT INTO product_reviews (id, rating, comment, created_at, product_id) VALUES (88, 2, 'Tốt, nhưng có thể cải thiện packaging', '2025-01-06T09:23:00', 17);
INSERT INTO product_reviews (id, rating, comment, created_at, product_id) VALUES (89, 1, 'Chất lượng ổn, giá hơi cao', '2025-02-22T12:54:00', 24);
INSERT INTO product_reviews (id, rating, comment, created_at, product_id) VALUES (90, 2, 'Đáng tiền!', '2025-01-06T11:44:00', 202);
INSERT INTO product_reviews (id, rating, comment, created_at, product_id) VALUES (91, 3, 'Sản phẩm rất tốt, giao hàng nhanh!', '2025-01-02T19:06:00', 215);
INSERT INTO product_reviews (id, rating, comment, created_at, product_id) VALUES (92, 4, 'Sản phẩm như mô tả', '2025-01-09T13:30:00', 163);
INSERT INTO product_reviews (id, rating, comment, created_at, product_id) VALUES (93, 1, 'Giá cả hợp lý', '2025-01-23T19:47:00', 234);
INSERT INTO product_reviews (id, rating, comment, created_at, product_id) VALUES (94, 2, 'Sản phẩm rất tốt, giao hàng nhanh!', '2025-02-28T19:09:00', 111);
INSERT INTO product_reviews (id, rating, comment, created_at, product_id) VALUES (95, 1, 'Rất hài lòng', '2025-02-04T21:25:00', 202);
INSERT INTO product_reviews (id, rating, comment, created_at, product_id) VALUES (96, 3, 'Rất đáng mua', '2025-02-28T12:32:00', 35);
INSERT INTO product_reviews (id, rating, comment, created_at, product_id) VALUES (97, 5, 'Bình thường, không có gì đặc biệt', '2025-01-05T19:48:00', 262);
INSERT INTO product_reviews (id, rating, comment, created_at, product_id) VALUES (98, 3, 'Sản phẩm như mô tả', '2025-02-02T08:25:00', 231);
INSERT INTO product_reviews (id, rating, comment, created_at, product_id) VALUES (99, 1, 'Giá hơi cao so với chất lượng', '2025-02-17T08:33:00', 220);
INSERT INTO product_reviews (id, rating, comment, created_at, product_id) VALUES (100, 4, 'Sẽ giới thiệu cho bạn bè', '2025-02-14T20:27:00', 244);
INSERT INTO product_reviews (id, rating, comment, created_at, product_id) VALUES (101, 3, 'Tuyệt vời, sẽ mua lại!', '2025-02-23T16:15:00', 3);
INSERT INTO product_reviews (id, rating, comment, created_at, product_id) VALUES (102, 4, 'Sản phẩm tốt nhưng ship hơi lâu', '2025-01-10T14:45:00', 59);
INSERT INTO product_reviews (id, rating, comment, created_at, product_id) VALUES (103, 2, 'Rất hài lòng', '2025-02-23T20:30:00', 109);
INSERT INTO product_reviews (id, rating, comment, created_at, product_id) VALUES (104, 5, 'Chất lượng ổn, giá hơi cao', '2025-02-26T12:26:00', 62);
INSERT INTO product_reviews (id, rating, comment, created_at, product_id) VALUES (105, 2, 'Sẽ giới thiệu cho bạn bè', '2025-02-18T15:04:00', 160);
INSERT INTO product_reviews (id, rating, comment, created_at, product_id) VALUES (106, 3, 'Sản phẩm rất tốt, giao hàng nhanh!', '2025-01-07T10:02:00', 208);
INSERT INTO product_reviews (id, rating, comment, created_at, product_id) VALUES (107, 3, 'Chất lượng ổn, giá hơi cao', '2025-02-28T18:09:00', 107);
INSERT INTO product_reviews (id, rating, comment, created_at, product_id) VALUES (108, 2, 'Chất lượng vượt mong đợi', '2025-01-17T11:50:00', 106);
INSERT INTO product_reviews (id, rating, comment, created_at, product_id) VALUES (109, 1, 'Sản phẩm tốt', '2025-01-28T09:53:00', 150);
INSERT INTO product_reviews (id, rating, comment, created_at, product_id) VALUES (110, 5, 'Shop phục vụ tốt', '2025-01-20T17:05:00', 97);
INSERT INTO product_reviews (id, rating, comment, created_at, product_id) VALUES (111, 2, 'Shop phục vụ tốt', '2025-02-22T20:54:00', 49);
INSERT INTO product_reviews (id, rating, comment, created_at, product_id) VALUES (112, 1, 'Sản phẩm đẹp như hình', '2025-01-26T16:25:00', 216);
INSERT INTO product_reviews (id, rating, comment, created_at, product_id) VALUES (113, 3, 'Cực kỳ hài lòng với sản phẩm!', '2025-01-26T18:43:00', 31);
INSERT INTO product_reviews (id, rating, comment, created_at, product_id) VALUES (114, 5, 'Shop phục vụ tốt', '2025-01-06T21:15:00', 16);
INSERT INTO product_reviews (id, rating, comment, created_at, product_id) VALUES (115, 5, 'Không như kỳ vọng', '2025-02-17T14:12:00', 128);
INSERT INTO product_reviews (id, rating, comment, created_at, product_id) VALUES (116, 4, 'Giao hàng đúng hẹn', '2025-01-09T09:58:00', 39);
INSERT INTO product_reviews (id, rating, comment, created_at, product_id) VALUES (117, 2, 'Bình thường, không có gì đặc biệt', '2025-01-07T12:18:00', 228);
INSERT INTO product_reviews (id, rating, comment, created_at, product_id) VALUES (118, 4, 'Giao hàng đúng hẹn', '2025-02-24T21:56:00', 164);
INSERT INTO product_reviews (id, rating, comment, created_at, product_id) VALUES (119, 1, 'Rất hài lòng', '2025-02-12T10:48:00', 237);
INSERT INTO product_reviews (id, rating, comment, created_at, product_id) VALUES (120, 4, 'Tuyệt vời, sẽ mua lại!', '2025-01-01T13:46:00', 191);
INSERT INTO product_reviews (id, rating, comment, created_at, product_id) VALUES (121, 2, 'Rất hài lòng', '2025-02-18T15:33:00', 185);
INSERT INTO product_reviews (id, rating, comment, created_at, product_id) VALUES (122, 5, 'Sẽ giới thiệu cho bạn bè', '2025-01-11T16:40:00', 263);
INSERT INTO product_reviews (id, rating, comment, created_at, product_id) VALUES (123, 4, 'Giao hàng đúng hẹn', '2025-02-13T16:35:00', 103);
INSERT INTO product_reviews (id, rating, comment, created_at, product_id) VALUES (124, 4, 'Tốt, nhưng có thể cải thiện packaging', '2025-01-10T12:45:00', 5);
INSERT INTO product_reviews (id, rating, comment, created_at, product_id) VALUES (125, 1, 'Chất lượng tuyệt vời', '2025-01-24T13:43:00', 198);
INSERT INTO product_reviews (id, rating, comment, created_at, product_id) VALUES (126, 4, 'Chất lượng ổn, giá hơi cao', '2025-01-25T14:41:00', 192);
INSERT INTO product_reviews (id, rating, comment, created_at, product_id) VALUES (127, 3, 'Sản phẩm đẹp như hình', '2025-01-06T14:57:00', 202);
INSERT INTO product_reviews (id, rating, comment, created_at, product_id) VALUES (128, 2, 'Rất hài lòng', '2025-01-10T09:32:00', 152);
INSERT INTO product_reviews (id, rating, comment, created_at, product_id) VALUES (129, 1, 'Chất lượng vượt mong đợi', '2025-01-01T14:35:00', 264);
INSERT INTO product_reviews (id, rating, comment, created_at, product_id) VALUES (130, 5, 'Chất lượng tuyệt vời', '2025-01-13T09:44:00', 273);
INSERT INTO product_reviews (id, rating, comment, created_at, product_id) VALUES (131, 2, 'Chất lượng tốt, đóng gói cẩn thận', '2025-01-24T15:02:00', 127);
INSERT INTO product_reviews (id, rating, comment, created_at, product_id) VALUES (132, 1, 'Bình thường, không có gì đặc biệt', '2025-01-26T16:24:00', 207);
INSERT INTO product_reviews (id, rating, comment, created_at, product_id) VALUES (133, 2, 'Cực kỳ hài lòng với sản phẩm!', '2025-02-10T11:29:00', 249);
INSERT INTO product_reviews (id, rating, comment, created_at, product_id) VALUES (134, 2, 'Bình thường, không có gì đặc biệt', '2025-01-19T10:36:00', 174);
INSERT INTO product_reviews (id, rating, comment, created_at, product_id) VALUES (135, 2, 'Tốt, nhưng có thể cải thiện packaging', '2025-02-09T15:38:00', 74);
INSERT INTO product_reviews (id, rating, comment, created_at, product_id) VALUES (136, 1, 'Sẽ giới thiệu cho bạn bè', '2025-02-05T18:38:00', 263);
INSERT INTO product_reviews (id, rating, comment, created_at, product_id) VALUES (137, 2, 'Chất lượng vượt mong đợi', '2025-02-12T10:34:00', 84);
INSERT INTO product_reviews (id, rating, comment, created_at, product_id) VALUES (138, 5, 'Rất đáng mua', '2025-02-16T10:04:00', 219);
INSERT INTO product_reviews (id, rating, comment, created_at, product_id) VALUES (139, 5, 'Rất hài lòng', '2025-01-07T13:49:00', 207);
INSERT INTO product_reviews (id, rating, comment, created_at, product_id) VALUES (140, 3, 'Bình thường, không có gì đặc biệt', '2025-02-18T16:38:00', 145);
INSERT INTO product_reviews (id, rating, comment, created_at, product_id) VALUES (141, 2, 'Rất hài lòng', '2025-02-19T09:34:00', 105);
INSERT INTO product_reviews (id, rating, comment, created_at, product_id) VALUES (142, 3, 'Chất lượng vượt mong đợi', '2025-01-01T08:04:00', 257);
INSERT INTO product_reviews (id, rating, comment, created_at, product_id) VALUES (143, 2, 'Sản phẩm đẹp như hình', '2025-02-04T15:56:00', 116);
INSERT INTO product_reviews (id, rating, comment, created_at, product_id) VALUES (144, 4, 'Hoàn hảo!', '2025-02-19T16:35:00', 231);
INSERT INTO product_reviews (id, rating, comment, created_at, product_id) VALUES (145, 1, 'Rất hài lòng', '2025-02-14T17:45:00', 45);
INSERT INTO product_reviews (id, rating, comment, created_at, product_id) VALUES (146, 5, 'Sẽ giới thiệu cho bạn bè', '2025-02-19T08:51:00', 82);
INSERT INTO product_reviews (id, rating, comment, created_at, product_id) VALUES (147, 4, 'Chất lượng ổn, giá hơi cao', '2025-02-25T21:46:00', 109);
INSERT INTO product_reviews (id, rating, comment, created_at, product_id) VALUES (148, 2, 'Tốt, nhưng có thể cải thiện packaging', '2025-02-02T18:08:00', 65);
INSERT INTO product_reviews (id, rating, comment, created_at, product_id) VALUES (149, 3, 'Chất lượng ổn, giá hơi cao', '2025-02-21T20:44:00', 120);
INSERT INTO product_reviews (id, rating, comment, created_at, product_id) VALUES (150, 1, 'Tốt, nhưng có thể cải thiện packaging', '2025-01-02T16:48:00', 23);

-- ============================================
-- BOOKING_APPOINTMENTS
-- ============================================
INSERT INTO booking_appointments (id, notes, expected_arrival, user_id) VALUES (1, 'Muốn tư vấn laptop gaming', '2025-02-15T14:00:00', 44);
INSERT INTO booking_appointments (id, notes, expected_arrival, user_id) VALUES (2, 'Tư vấn chuột gaming', '2025-02-24T15:30:00', 12);
INSERT INTO booking_appointments (id, notes, expected_arrival, user_id) VALUES (3, 'Tư vấn nâng cấp PC', '2025-02-27T17:00:00', 18);
INSERT INTO booking_appointments (id, notes, expected_arrival, user_id) VALUES (4, 'Tư vấn laptop văn phòng', '2025-02-21T13:30:00', 53);
INSERT INTO booking_appointments (id, notes, expected_arrival, user_id) VALUES (5, 'Xem sản phẩm bàn phím cơ', '2025-02-27T09:00:00', 18);
INSERT INTO booking_appointments (id, notes, expected_arrival, user_id) VALUES (6, 'Muốn xem iPhone mới', '2025-02-25T17:30:00', 39);
INSERT INTO booking_appointments (id, notes, expected_arrival, user_id) VALUES (7, 'Xem màn hình 4K', '2025-02-14T16:00:00', 38);
INSERT INTO booking_appointments (id, notes, expected_arrival, user_id) VALUES (8, 'Tư vấn phụ kiện gaming', '2025-02-17T13:00:00', 24);
INSERT INTO booking_appointments (id, notes, expected_arrival, user_id) VALUES (9, 'Xem sản phẩm bàn phím cơ', '2025-02-25T08:00:00', 21);
INSERT INTO booking_appointments (id, notes, expected_arrival, user_id) VALUES (10, 'Muốn tư vấn laptop gaming', '2025-02-18T12:00:00', 23);
INSERT INTO booking_appointments (id, notes, expected_arrival, user_id) VALUES (11, 'Muốn xem sản phẩm trực tiếp', '2025-02-24T16:00:00', 6);
INSERT INTO booking_appointments (id, notes, expected_arrival, user_id) VALUES (12, 'Tư vấn PC build', '2025-02-17T10:30:00', 25);
INSERT INTO booking_appointments (id, notes, expected_arrival, user_id) VALUES (13, 'Tư vấn phụ kiện gaming', '2025-02-18T13:00:00', 44);
INSERT INTO booking_appointments (id, notes, expected_arrival, user_id) VALUES (14, 'Xem màn hình 4K', '2025-02-19T09:30:00', 9);
INSERT INTO booking_appointments (id, notes, expected_arrival, user_id) VALUES (15, 'Muốn xem iPhone mới', '2025-02-27T16:00:00', 54);
INSERT INTO booking_appointments (id, notes, expected_arrival, user_id) VALUES (16, 'Tư vấn phụ kiện gaming', '2025-02-16T08:00:00', 34);
INSERT INTO booking_appointments (id, notes, expected_arrival, user_id) VALUES (17, 'Tư vấn iPad', '2025-02-15T13:00:00', 20);
INSERT INTO booking_appointments (id, notes, expected_arrival, user_id) VALUES (18, 'Tư vấn phụ kiện gaming', '2025-02-28T14:30:00', 41);
INSERT INTO booking_appointments (id, notes, expected_arrival, user_id) VALUES (19, 'Tư vấn phụ kiện gaming', '2025-02-27T10:30:00', 47);
INSERT INTO booking_appointments (id, notes, expected_arrival, user_id) VALUES (20, 'Muốn đổi sản phẩm', '2025-02-26T16:00:00', 37);
INSERT INTO booking_appointments (id, notes, expected_arrival, user_id) VALUES (21, 'Tư vấn chuột gaming', '2025-02-27T12:00:00', 13);
INSERT INTO booking_appointments (id, notes, expected_arrival, user_id) VALUES (22, 'Tư vấn PC build', '2025-02-20T15:00:00', 50);
INSERT INTO booking_appointments (id, notes, expected_arrival, user_id) VALUES (23, 'Tư vấn chuột gaming', '2025-02-19T16:30:00', 5);
INSERT INTO booking_appointments (id, notes, expected_arrival, user_id) VALUES (24, 'Tư vấn nâng cấp PC', '2025-02-19T14:00:00', 20);
INSERT INTO booking_appointments (id, notes, expected_arrival, user_id) VALUES (25, 'Tư vấn phụ kiện gaming', '2025-02-18T13:30:00', 47);
INSERT INTO booking_appointments (id, notes, expected_arrival, user_id) VALUES (26, 'Tư vấn laptop văn phòng', '2025-02-17T12:00:00', 23);
INSERT INTO booking_appointments (id, notes, expected_arrival, user_id) VALUES (27, 'Tư vấn PC build', '2025-02-20T13:30:00', 18);
INSERT INTO booking_appointments (id, notes, expected_arrival, user_id) VALUES (28, 'Muốn đổi sản phẩm', '2025-02-22T17:00:00', 41);
INSERT INTO booking_appointments (id, notes, expected_arrival, user_id) VALUES (29, 'Tư vấn iPad', '2025-02-27T09:30:00', 32);
INSERT INTO booking_appointments (id, notes, expected_arrival, user_id) VALUES (30, 'Tư vấn iPad', '2025-02-23T16:30:00', 31);
INSERT INTO booking_appointments (id, notes, expected_arrival, user_id) VALUES (31, 'Xem Samsung', '2025-02-14T12:00:00', 46);
INSERT INTO booking_appointments (id, notes, expected_arrival, user_id) VALUES (32, 'Tư vấn PC build', '2025-02-16T13:00:00', 23);
INSERT INTO booking_appointments (id, notes, expected_arrival, user_id) VALUES (33, 'Tư vấn laptop văn phòng', '2025-02-15T15:00:00', 29);
INSERT INTO booking_appointments (id, notes, expected_arrival, user_id) VALUES (34, 'Xem sản phẩm bàn phím cơ', '2025-02-20T14:30:00', 13);
INSERT INTO booking_appointments (id, notes, expected_arrival, user_id) VALUES (35, 'Tư vấn iPad', '2025-02-24T08:00:00', 38);
INSERT INTO booking_appointments (id, notes, expected_arrival, user_id) VALUES (36, 'Xem sản phẩm bàn phím cơ', '2025-02-20T15:30:00', 25);
INSERT INTO booking_appointments (id, notes, expected_arrival, user_id) VALUES (37, 'Hỏi về bảo hành', '2025-02-16T14:00:00', 37);
INSERT INTO booking_appointments (id, notes, expected_arrival, user_id) VALUES (38, 'Xem sản phẩm bàn phím cơ', '2025-02-20T14:00:00', 23);
INSERT INTO booking_appointments (id, notes, expected_arrival, user_id) VALUES (39, 'Tư vấn iPad', '2025-02-24T12:30:00', 42);
INSERT INTO booking_appointments (id, notes, expected_arrival, user_id) VALUES (40, 'Muốn xem iPhone mới', '2025-02-28T09:00:00', 53);

-- ============================================
-- CHAT_CUSTOMER_SERVICES
-- ============================================
INSERT INTO chat_customer_services (session_id, start_time, end_time, status) VALUES (1, '2025-02-13T09:03:00', '2025-02-13T10:05:00', 'CLOSED');
INSERT INTO chat_customer_services (session_id, start_time, end_time, status) VALUES (2, '2025-02-05T17:04:00', NULL, 'ACTIVE');
INSERT INTO chat_customer_services (session_id, start_time, end_time, status) VALUES (3, '2025-02-06T08:18:00', NULL, 'ACTIVE');
INSERT INTO chat_customer_services (session_id, start_time, end_time, status) VALUES (4, '2025-02-01T08:36:00', NULL, 'ACTIVE');
INSERT INTO chat_customer_services (session_id, start_time, end_time, status) VALUES (5, '2025-02-03T12:20:00', NULL, 'PENDING');
INSERT INTO chat_customer_services (session_id, start_time, end_time, status) VALUES (6, '2025-02-04T15:36:00', NULL, 'PENDING');
INSERT INTO chat_customer_services (session_id, start_time, end_time, status) VALUES (7, '2025-02-04T15:26:00', NULL, 'PENDING');
INSERT INTO chat_customer_services (session_id, start_time, end_time, status) VALUES (8, '2025-02-10T09:48:00', '2025-02-10T10:05:00', 'CLOSED');
INSERT INTO chat_customer_services (session_id, start_time, end_time, status) VALUES (9, '2025-02-09T09:07:00', NULL, 'PENDING');
INSERT INTO chat_customer_services (session_id, start_time, end_time, status) VALUES (10, '2025-02-01T13:55:00', '2025-02-01T14:56:00', 'CLOSED');
INSERT INTO chat_customer_services (session_id, start_time, end_time, status) VALUES (11, '2025-02-14T10:17:00', NULL, 'PENDING');
INSERT INTO chat_customer_services (session_id, start_time, end_time, status) VALUES (12, '2025-02-09T12:32:00', '2025-02-09T12:59:00', 'CLOSED');
INSERT INTO chat_customer_services (session_id, start_time, end_time, status) VALUES (13, '2025-02-14T15:42:00', NULL, 'ACTIVE');
INSERT INTO chat_customer_services (session_id, start_time, end_time, status) VALUES (14, '2025-02-10T15:21:00', NULL, 'ACTIVE');
INSERT INTO chat_customer_services (session_id, start_time, end_time, status) VALUES (15, '2025-02-09T17:36:00', NULL, 'PENDING');
INSERT INTO chat_customer_services (session_id, start_time, end_time, status) VALUES (16, '2025-02-11T14:54:00', NULL, 'PENDING');
INSERT INTO chat_customer_services (session_id, start_time, end_time, status) VALUES (17, '2025-02-10T08:08:00', NULL, 'PENDING');
INSERT INTO chat_customer_services (session_id, start_time, end_time, status) VALUES (18, '2025-02-03T16:56:00', '2025-02-03T17:53:00', 'CLOSED');
INSERT INTO chat_customer_services (session_id, start_time, end_time, status) VALUES (19, '2025-02-01T14:51:00', NULL, 'ACTIVE');
INSERT INTO chat_customer_services (session_id, start_time, end_time, status) VALUES (20, '2025-02-13T12:54:00', NULL, 'ACTIVE');
INSERT INTO chat_customer_services (session_id, start_time, end_time, status) VALUES (21, '2025-02-02T11:21:00', NULL, 'ACTIVE');
INSERT INTO chat_customer_services (session_id, start_time, end_time, status) VALUES (22, '2025-02-13T16:12:00', NULL, 'PENDING');
INSERT INTO chat_customer_services (session_id, start_time, end_time, status) VALUES (23, '2025-02-04T16:59:00', '2025-02-04T17:49:00', 'CLOSED');
INSERT INTO chat_customer_services (session_id, start_time, end_time, status) VALUES (24, '2025-02-04T14:32:00', NULL, 'PENDING');
INSERT INTO chat_customer_services (session_id, start_time, end_time, status) VALUES (25, '2025-02-07T14:18:00', NULL, 'PENDING');
INSERT INTO chat_customer_services (session_id, start_time, end_time, status) VALUES (26, '2025-02-09T10:29:00', '2025-02-09T11:06:00', 'CLOSED');
INSERT INTO chat_customer_services (session_id, start_time, end_time, status) VALUES (27, '2025-02-06T08:37:00', NULL, 'PENDING');
INSERT INTO chat_customer_services (session_id, start_time, end_time, status) VALUES (28, '2025-02-06T13:19:00', NULL, 'ACTIVE');
INSERT INTO chat_customer_services (session_id, start_time, end_time, status) VALUES (29, '2025-02-13T12:06:00', NULL, 'PENDING');
INSERT INTO chat_customer_services (session_id, start_time, end_time, status) VALUES (30, '2025-02-12T08:46:00', '2025-02-12T09:36:00', 'CLOSED');
INSERT INTO chat_customer_services (session_id, start_time, end_time, status) VALUES (31, '2025-02-10T15:00:00', NULL, 'PENDING');
INSERT INTO chat_customer_services (session_id, start_time, end_time, status) VALUES (32, '2025-02-08T08:26:00', '2025-02-08T08:47:00', 'CLOSED');
INSERT INTO chat_customer_services (session_id, start_time, end_time, status) VALUES (33, '2025-02-09T12:01:00', NULL, 'PENDING');
INSERT INTO chat_customer_services (session_id, start_time, end_time, status) VALUES (34, '2025-02-10T12:04:00', NULL, 'ACTIVE');
INSERT INTO chat_customer_services (session_id, start_time, end_time, status) VALUES (35, '2025-02-13T15:06:00', NULL, 'PENDING');
INSERT INTO chat_customer_services (session_id, start_time, end_time, status) VALUES (36, '2025-02-04T11:25:00', '2025-02-04T12:34:00', 'CLOSED');
INSERT INTO chat_customer_services (session_id, start_time, end_time, status) VALUES (37, '2025-02-10T17:56:00', '2025-02-10T18:40:00', 'CLOSED');
INSERT INTO chat_customer_services (session_id, start_time, end_time, status) VALUES (38, '2025-02-06T17:44:00', '2025-02-06T18:53:00', 'CLOSED');
INSERT INTO chat_customer_services (session_id, start_time, end_time, status) VALUES (39, '2025-02-06T13:59:00', '2025-02-06T14:19:00', 'CLOSED');
INSERT INTO chat_customer_services (session_id, start_time, end_time, status) VALUES (40, '2025-02-10T17:00:00', NULL, 'PENDING');
INSERT INTO chat_customer_services (session_id, start_time, end_time, status) VALUES (41, '2025-02-09T17:43:00', NULL, 'PENDING');
INSERT INTO chat_customer_services (session_id, start_time, end_time, status) VALUES (42, '2025-02-07T12:44:00', NULL, 'PENDING');
INSERT INTO chat_customer_services (session_id, start_time, end_time, status) VALUES (43, '2025-02-06T14:11:00', '2025-02-06T14:58:00', 'CLOSED');
INSERT INTO chat_customer_services (session_id, start_time, end_time, status) VALUES (44, '2025-02-06T09:36:00', '2025-02-06T10:42:00', 'CLOSED');
INSERT INTO chat_customer_services (session_id, start_time, end_time, status) VALUES (45, '2025-02-02T14:35:00', NULL, 'PENDING');
INSERT INTO chat_customer_services (session_id, start_time, end_time, status) VALUES (46, '2025-02-08T12:29:00', NULL, 'PENDING');
INSERT INTO chat_customer_services (session_id, start_time, end_time, status) VALUES (47, '2025-02-10T11:38:00', '2025-02-10T12:04:00', 'CLOSED');
INSERT INTO chat_customer_services (session_id, start_time, end_time, status) VALUES (48, '2025-02-13T10:07:00', '2025-02-13T10:33:00', 'CLOSED');
INSERT INTO chat_customer_services (session_id, start_time, end_time, status) VALUES (49, '2025-02-07T11:10:00', '2025-02-07T12:09:00', 'CLOSED');
INSERT INTO chat_customer_services (session_id, start_time, end_time, status) VALUES (50, '2025-02-11T11:07:00', NULL, 'PENDING');
INSERT INTO chat_customer_services (session_id, start_time, end_time, status) VALUES (51, '2025-02-12T09:49:00', NULL, 'PENDING');
INSERT INTO chat_customer_services (session_id, start_time, end_time, status) VALUES (52, '2025-02-06T14:14:00', NULL, 'PENDING');
INSERT INTO chat_customer_services (session_id, start_time, end_time, status) VALUES (53, '2025-02-06T15:34:00', NULL, 'PENDING');
INSERT INTO chat_customer_services (session_id, start_time, end_time, status) VALUES (54, '2025-02-09T09:58:00', NULL, 'ACTIVE');
INSERT INTO chat_customer_services (session_id, start_time, end_time, status) VALUES (55, '2025-02-14T12:37:00', NULL, 'PENDING');
INSERT INTO chat_customer_services (session_id, start_time, end_time, status) VALUES (56, '2025-02-05T17:45:00', NULL, 'ACTIVE');
INSERT INTO chat_customer_services (session_id, start_time, end_time, status) VALUES (57, '2025-02-07T11:07:00', '2025-02-07T12:14:00', 'CLOSED');
INSERT INTO chat_customer_services (session_id, start_time, end_time, status) VALUES (58, '2025-02-01T10:45:00', NULL, 'ACTIVE');
INSERT INTO chat_customer_services (session_id, start_time, end_time, status) VALUES (59, '2025-02-07T16:16:00', NULL, 'PENDING');
INSERT INTO chat_customer_services (session_id, start_time, end_time, status) VALUES (60, '2025-02-10T15:45:00', NULL, 'PENDING');

-- ============================================
-- CHAT_CUSTOMER_CUSTOMERS
-- ============================================
INSERT INTO chat_customer_customers (chat_id, user_id) VALUES (1, 34);
INSERT INTO chat_customer_customers (chat_id, user_id) VALUES (2, 54);
INSERT INTO chat_customer_customers (chat_id, user_id) VALUES (3, 6);
INSERT INTO chat_customer_customers (chat_id, user_id) VALUES (4, 31);
INSERT INTO chat_customer_customers (chat_id, user_id) VALUES (5, 23);
INSERT INTO chat_customer_customers (chat_id, user_id) VALUES (6, 48);
INSERT INTO chat_customer_customers (chat_id, user_id) VALUES (7, 49);
INSERT INTO chat_customer_customers (chat_id, user_id) VALUES (8, 18);
INSERT INTO chat_customer_customers (chat_id, user_id) VALUES (9, 39);
INSERT INTO chat_customer_customers (chat_id, user_id) VALUES (10, 15);
INSERT INTO chat_customer_customers (chat_id, user_id) VALUES (11, 37);
INSERT INTO chat_customer_customers (chat_id, user_id) VALUES (12, 12);
INSERT INTO chat_customer_customers (chat_id, user_id) VALUES (13, 19);
INSERT INTO chat_customer_customers (chat_id, user_id) VALUES (14, 14);
INSERT INTO chat_customer_customers (chat_id, user_id) VALUES (15, 52);
INSERT INTO chat_customer_customers (chat_id, user_id) VALUES (16, 7);
INSERT INTO chat_customer_customers (chat_id, user_id) VALUES (17, 45);
INSERT INTO chat_customer_customers (chat_id, user_id) VALUES (18, 25);
INSERT INTO chat_customer_customers (chat_id, user_id) VALUES (19, 16);
INSERT INTO chat_customer_customers (chat_id, user_id) VALUES (20, 15);
INSERT INTO chat_customer_customers (chat_id, user_id) VALUES (21, 20);
INSERT INTO chat_customer_customers (chat_id, user_id) VALUES (22, 5);
INSERT INTO chat_customer_customers (chat_id, user_id) VALUES (23, 16);
INSERT INTO chat_customer_customers (chat_id, user_id) VALUES (24, 25);
INSERT INTO chat_customer_customers (chat_id, user_id) VALUES (25, 48);
INSERT INTO chat_customer_customers (chat_id, user_id) VALUES (26, 35);
INSERT INTO chat_customer_customers (chat_id, user_id) VALUES (27, 38);
INSERT INTO chat_customer_customers (chat_id, user_id) VALUES (28, 28);
INSERT INTO chat_customer_customers (chat_id, user_id) VALUES (29, 48);
INSERT INTO chat_customer_customers (chat_id, user_id) VALUES (30, 9);
INSERT INTO chat_customer_customers (chat_id, user_id) VALUES (31, 51);
INSERT INTO chat_customer_customers (chat_id, user_id) VALUES (32, 27);
INSERT INTO chat_customer_customers (chat_id, user_id) VALUES (33, 41);
INSERT INTO chat_customer_customers (chat_id, user_id) VALUES (34, 42);
INSERT INTO chat_customer_customers (chat_id, user_id) VALUES (35, 9);
INSERT INTO chat_customer_customers (chat_id, user_id) VALUES (36, 16);
INSERT INTO chat_customer_customers (chat_id, user_id) VALUES (37, 17);
INSERT INTO chat_customer_customers (chat_id, user_id) VALUES (38, 34);
INSERT INTO chat_customer_customers (chat_id, user_id) VALUES (39, 11);
INSERT INTO chat_customer_customers (chat_id, user_id) VALUES (40, 12);
INSERT INTO chat_customer_customers (chat_id, user_id) VALUES (41, 48);
INSERT INTO chat_customer_customers (chat_id, user_id) VALUES (42, 31);
INSERT INTO chat_customer_customers (chat_id, user_id) VALUES (43, 49);
INSERT INTO chat_customer_customers (chat_id, user_id) VALUES (44, 17);
INSERT INTO chat_customer_customers (chat_id, user_id) VALUES (45, 32);
INSERT INTO chat_customer_customers (chat_id, user_id) VALUES (46, 11);
INSERT INTO chat_customer_customers (chat_id, user_id) VALUES (47, 13);
INSERT INTO chat_customer_customers (chat_id, user_id) VALUES (48, 52);
INSERT INTO chat_customer_customers (chat_id, user_id) VALUES (49, 39);
INSERT INTO chat_customer_customers (chat_id, user_id) VALUES (50, 18);
INSERT INTO chat_customer_customers (chat_id, user_id) VALUES (51, 15);
INSERT INTO chat_customer_customers (chat_id, user_id) VALUES (52, 31);
INSERT INTO chat_customer_customers (chat_id, user_id) VALUES (53, 22);
INSERT INTO chat_customer_customers (chat_id, user_id) VALUES (54, 10);
INSERT INTO chat_customer_customers (chat_id, user_id) VALUES (55, 47);
INSERT INTO chat_customer_customers (chat_id, user_id) VALUES (56, 54);
INSERT INTO chat_customer_customers (chat_id, user_id) VALUES (57, 38);
INSERT INTO chat_customer_customers (chat_id, user_id) VALUES (58, 46);
INSERT INTO chat_customer_customers (chat_id, user_id) VALUES (59, 47);
INSERT INTO chat_customer_customers (chat_id, user_id) VALUES (60, 29);

-- ============================================
-- CHAT_CUSTOMER_STAFFS
-- ============================================
INSERT INTO chat_customer_staffs (chat_id, user_id) VALUES (1, 3);
INSERT INTO chat_customer_staffs (chat_id, user_id) VALUES (2, 3);
INSERT INTO chat_customer_staffs (chat_id, user_id) VALUES (3, 4);
INSERT INTO chat_customer_staffs (chat_id, user_id) VALUES (4, 4);
INSERT INTO chat_customer_staffs (chat_id, user_id) VALUES (8, 4);
INSERT INTO chat_customer_staffs (chat_id, user_id) VALUES (10, 2);
INSERT INTO chat_customer_staffs (chat_id, user_id) VALUES (12, 3);
INSERT INTO chat_customer_staffs (chat_id, user_id) VALUES (13, 4);
INSERT INTO chat_customer_staffs (chat_id, user_id) VALUES (14, 3);
INSERT INTO chat_customer_staffs (chat_id, user_id) VALUES (18, 3);
INSERT INTO chat_customer_staffs (chat_id, user_id) VALUES (19, 4);
INSERT INTO chat_customer_staffs (chat_id, user_id) VALUES (20, 3);
INSERT INTO chat_customer_staffs (chat_id, user_id) VALUES (21, 3);
INSERT INTO chat_customer_staffs (chat_id, user_id) VALUES (23, 2);
INSERT INTO chat_customer_staffs (chat_id, user_id) VALUES (26, 4);
INSERT INTO chat_customer_staffs (chat_id, user_id) VALUES (28, 2);
INSERT INTO chat_customer_staffs (chat_id, user_id) VALUES (30, 2);
INSERT INTO chat_customer_staffs (chat_id, user_id) VALUES (32, 2);
INSERT INTO chat_customer_staffs (chat_id, user_id) VALUES (34, 4);
INSERT INTO chat_customer_staffs (chat_id, user_id) VALUES (36, 4);
INSERT INTO chat_customer_staffs (chat_id, user_id) VALUES (37, 2);
INSERT INTO chat_customer_staffs (chat_id, user_id) VALUES (38, 3);
INSERT INTO chat_customer_staffs (chat_id, user_id) VALUES (39, 3);
INSERT INTO chat_customer_staffs (chat_id, user_id) VALUES (43, 2);
INSERT INTO chat_customer_staffs (chat_id, user_id) VALUES (44, 3);
INSERT INTO chat_customer_staffs (chat_id, user_id) VALUES (47, 3);
INSERT INTO chat_customer_staffs (chat_id, user_id) VALUES (48, 3);
INSERT INTO chat_customer_staffs (chat_id, user_id) VALUES (49, 4);
INSERT INTO chat_customer_staffs (chat_id, user_id) VALUES (54, 3);
INSERT INTO chat_customer_staffs (chat_id, user_id) VALUES (56, 2);
INSERT INTO chat_customer_staffs (chat_id, user_id) VALUES (57, 4);
INSERT INTO chat_customer_staffs (chat_id, user_id) VALUES (58, 2);
